no,date,season,year,month,day,day_type,weather,temperature,humidity,wind_speed,casual,registered,count
1,2011-01-01,Spring,2011,January,Saturday,Weekend,MistCloud,8.175849,80.58330000000001,0.160446,331,654,985
2,2011-01-02,Spring,2011,January,Sunday,Weekend,MistCloud,9.083466000000001,69.6087,0.248539,131,670,801
3,2011-01-03,Spring,2011,January,Monday,Weekday,Clear,1.229108,43.7273,0.248309,120,1229,1349
4,2011-01-04,Spring,2011,January,Tuesday,Weekday,Clear,1.4000000000000004,59.0435,0.160296,108,1454,1562
5,2011-01-05,Spring,2011,January,Wednesday,Weekday,Clear,2.6669789999999995,43.695699999999995,0.1869,82,1518,1600
6,2011-01-06,Spring,2011,January,Thursday,Weekday,Clear,1.6043559999999992,51.8261,0.0895652,88,1518,1606
7,2011-01-07,Spring,2011,January,Friday,Weekday,MistCloud,1.2365340000000007,49.8696,0.168726,148,1362,1510
8,2011-01-08,Spring,2011,January,Saturday,Weekend,MistCloud,-0.24499999999999922,53.5833,0.266804,68,891,959
9,2011-01-09,Spring,2011,January,Sunday,Weekend,Clear,-1.4983489999999993,43.416700000000006,0.36195,54,768,822
10,2011-01-10,Spring,2011,January,Monday,Weekday,Clear,-0.9108490000000007,48.2917,0.223267,41,1280,1321
11,2011-01-11,Spring,2011,January,Tuesday,Weekday,MistCloud,-0.0527230000000003,68.6364,0.122132,43,1220,1263
12,2011-01-12,Spring,2011,January,Wednesday,Weekday,Clear,0.11816899999999997,59.954499999999996,0.304627,25,1137,1162
13,2011-01-13,Spring,2011,January,Thursday,Weekday,Clear,-0.24499999999999922,47.0417,0.301,38,1368,1406
14,2011-01-14,Spring,2011,January,Friday,Weekday,Clear,-0.43910999999999945,53.7826,0.126548,54,1367,1421
15,2011-01-15,Spring,2011,January,Saturday,Weekend,MistCloud,2.9666510000000006,49.875,0.157963,222,1026,1248
16,2011-01-16,Spring,2011,January,Sunday,Weekend,Clear,2.888349,48.375,0.188433,251,953,1204
17,2011-01-17,Spring,2011,January,Monday,Weekend,MistCloud,0.264151,53.75,0.194017,117,883,1000
18,2011-01-18,Spring,2011,January,Tuesday,Weekday,MistCloud,2.1833489999999998,86.16669999999999,0.146775,9,674,683
19,2011-01-19,Spring,2011,January,Wednesday,Weekday,MistCloud,5.732177999999999,74.1739,0.208317,78,1572,1650
20,2011-01-20,Spring,2011,January,Thursday,Weekday,MistCloud,4.298349,53.833299999999994,0.195904,83,1844,1927
21,2011-01-21,Spring,2011,January,Friday,Weekday,Clear,0.34249999999999936,45.7083,0.353242,75,1468,1543
22,2011-01-22,Spring,2011,January,Saturday,Weekend,Clear,-5.2208711999999995,40.0,0.17197,93,888,981
23,2011-01-23,Spring,2011,January,Sunday,Weekend,Clear,-3.4634801,43.6522,0.2466,150,836,986
24,2011-01-24,Spring,2011,January,Monday,Weekday,Clear,-3.4226089,49.173899999999996,0.15833,86,1330,1416
25,2011-01-25,Spring,2011,January,Tuesday,Weekday,MistCloud,2.5034660000000013,61.695699999999995,0.129796,186,1799,1985
26,2011-01-26,Spring,2011,January,Wednesday,Weekday,LightRainSnow,2.2225,86.25,0.29385,34,472,506
27,2011-01-27,Spring,2011,January,Thursday,Weekday,Clear,1.165000000000001,68.75,0.113837,15,416,431
28,2011-01-28,Spring,2011,January,Friday,Weekday,MistCloud,1.563466,79.30430000000001,0.1233,38,1129,1167
29,2011-01-29,Spring,2011,January,Saturday,Weekend,Clear,1.2365340000000007,65.17389999999999,0.145365,123,975,1098
30,2011-01-30,Spring,2011,January,Sunday,Weekend,Clear,2.176534,72.2174,0.0739826,140,956,1096
31,2011-01-31,Spring,2011,January,Monday,Weekday,MistCloud,0.49915099999999946,60.375,0.187192,42,1459,1501
32,2011-02-01,Spring,2011,February,Tuesday,Weekday,MistCloud,1.032178,82.9565,0.053213,47,1313,1360
33,2011-02-02,Spring,2011,February,Wednesday,Weekday,MistCloud,4.220000000000001,77.5417,0.264308,72,1454,1526
34,2011-02-03,Spring,2011,February,Thursday,Weekday,Clear,0.7869790000000005,43.7826,0.277752,61,1489,1550
35,2011-02-04,Spring,2011,February,Friday,Weekday,MistCloud,1.9312880000000003,58.521699999999996,0.127839,88,1620,1708
36,2011-02-05,Spring,2011,February,Saturday,Weekend,MistCloud,2.9666510000000006,92.91669999999999,0.161079,100,905,1005
37,2011-02-06,Spring,2011,February,Sunday,Weekend,Clear,5.434151,56.833299999999994,0.1418,354,1269,1623
38,2011-02-07,Spring,2011,February,Monday,Weekday,Clear,4.768348999999999,73.83330000000001,0.0454083,120,1592,1712
39,2011-02-08,Spring,2011,February,Tuesday,Weekday,Clear,2.3791510000000002,53.7917,0.36195,64,1466,1530
40,2011-02-09,Spring,2011,February,Wednesday,Weekday,MistCloud,-1.6651990000000003,49.4783,0.188839,53,1552,1605
41,2011-02-10,Spring,2011,February,Thursday,Weekday,Clear,-1.2156440000000002,43.7391,0.221935,47,1491,1538
42,2011-02-11,Spring,2011,February,Friday,Weekday,Clear,0.887277000000001,50.6364,0.10855,149,1597,1746
43,2011-02-12,Spring,2011,February,Saturday,Weekend,Clear,2.4574999999999996,54.4167,0.203367,288,1184,1472
44,2011-02-13,Spring,2011,February,Sunday,Weekend,Clear,6.876534000000001,45.7391,0.260883,397,1192,1589
45,2011-02-14,Spring,2011,February,Monday,Weekday,Clear,11.504999999999999,37.583299999999994,0.417908,208,1705,1913
46,2011-02-15,Spring,2011,February,Tuesday,Weekday,Clear,4.506089000000001,31.434800000000003,0.291374,140,1675,1815
47,2011-02-16,Spring,2011,February,Wednesday,Weekday,Clear,6.958267000000001,42.3478,0.251791,218,1897,2115
48,2011-02-17,Spring,2011,February,Thursday,Weekday,Clear,12.484151,50.5,0.230104,259,2216,2475
49,2011-02-18,Spring,2011,February,Friday,Weekday,Clear,16.518349,51.6667,0.264925,579,2348,2927
50,2011-02-19,Spring,2011,February,Saturday,Weekend,Clear,10.760849,18.7917,0.507463,532,1103,1635
51,2011-02-20,Spring,2011,February,Sunday,Weekend,Clear,5.405199,40.7826,0.223235,639,1173,1812
52,2011-02-21,Spring,2011,February,Monday,Weekend,MistCloud,6.2566510000000015,60.5,0.307846,195,912,1107
53,2011-02-22,Spring,2011,February,Tuesday,Weekday,Clear,0.5644340000000003,57.7778,0.195683,74,1376,1450
54,2011-02-23,Spring,2011,February,Wednesday,Weekday,Clear,2.4217329999999997,42.3043,0.094113,139,1778,1917
55,2011-02-24,Spring,2011,February,Thursday,Weekday,MistCloud,5.895644000000001,69.7391,0.250496,100,1707,1807
56,2011-02-25,Spring,2011,February,Friday,Weekday,MistCloud,9.124355999999999,71.2174,0.346539,120,1341,1461
57,2011-02-26,Spring,2011,February,Saturday,Weekend,Clear,5.277499999999998,53.7917,0.186571,424,1545,1969
58,2011-02-27,Spring,2011,February,Sunday,Weekend,Clear,8.143466,68.0,0.125248,694,1708,2402
59,2011-02-28,Spring,2011,February,Monday,Weekday,MistCloud,11.141831,87.63640000000001,0.289686,81,1365,1446
60,2011-03-01,Spring,2011,March,Tuesday,Weekday,Clear,4.533348999999999,53.5,0.216425,137,1714,1851
61,2011-03-02,Spring,2011,March,Wednesday,Weekday,Clear,7.745000000000001,44.9583,0.307833,231,1903,2134
62,2011-03-03,Spring,2011,March,Thursday,Weekday,Clear,1.321651000000001,31.833299999999998,0.225754,123,1562,1685
63,2011-03-04,Spring,2011,March,Friday,Weekday,MistCloud,4.298349,61.0417,0.203346,214,1730,1944
64,2011-03-05,Spring,2011,March,Saturday,Weekend,MistCloud,10.055848999999998,78.91669999999999,0.251871,640,1437,2077
65,2011-03-06,Spring,2011,March,Sunday,Weekend,MistCloud,9.696534,94.8261,0.343287,114,491,605
66,2011-03-07,Spring,2011,March,Monday,Weekday,Clear,4.3017330000000005,55.1304,0.341352,244,1628,1872
67,2011-03-08,Spring,2011,March,Tuesday,Weekday,Clear,5.747499999999999,42.0833,0.12065,316,1817,2133
68,2011-03-09,Spring,2011,March,Wednesday,Weekday,MistCloud,5.904151000000001,77.5417,0.22015,191,1700,1891
69,2011-03-10,Spring,2011,March,Thursday,Weekday,LightRainSnow,10.287277,0.0,0.261877,46,577,623
70,2011-03-11,Spring,2011,March,Friday,Weekday,MistCloud,6.876534000000001,64.95649999999999,0.23297,247,1730,1977
71,2011-03-12,Spring,2011,March,Saturday,Weekend,Clear,7.470848999999999,59.458299999999994,0.220775,724,1408,2132
72,2011-03-13,Spring,2011,March,Sunday,Weekend,Clear,10.064356,52.73910000000001,0.270604,982,1435,2417
73,2011-03-14,Spring,2011,March,Monday,Weekday,Clear,7.285198999999999,49.695699999999995,0.136926,359,1687,2046
74,2011-03-15,Spring,2011,March,Tuesday,Weekday,MistCloud,6.917376999999998,65.5652,0.184309,289,1767,2056
75,2011-03-16,Spring,2011,March,Wednesday,Weekday,MistCloud,9.165199000000001,77.65220000000001,0.203117,321,1871,2192
76,2011-03-17,Spring,2011,March,Thursday,Weekday,Clear,11.504999999999999,60.291700000000006,0.209579,424,2320,2744
77,2011-03-18,Spring,2011,March,Friday,Weekday,Clear,17.380000000000003,52.5217,0.231017,884,2355,3239
78,2011-03-19,Spring,2011,March,Saturday,Weekend,Clear,14.2075,37.9167,0.368167,1424,1693,3117
79,2011-03-20,Spring,2011,March,Sunday,Weekend,Clear,7.627500000000001,47.375,0.207721,1047,1424,2471
80,2011-03-21,Summer,2011,March,Monday,Weekday,MistCloud,12.230445,73.73910000000001,0.288783,401,1676,2077
81,2011-03-22,Summer,2011,March,Tuesday,Weekday,Clear,12.758348999999999,62.4583,0.22575,460,2243,2703
82,2011-03-23,Summer,2011,March,Wednesday,Weekday,MistCloud,8.306979000000002,83.9565,0.234261,203,1918,2121
83,2011-03-24,Summer,2011,March,Thursday,Weekday,MistCloud,5.395,80.58330000000001,0.243787,166,1699,1865
84,2011-03-25,Summer,2011,March,Friday,Weekday,Clear,4.415849,49.5,0.230725,300,1910,2210
85,2011-03-26,Summer,2011,March,Saturday,Weekend,Clear,4.494150999999999,39.4167,0.209571,981,1515,2496
86,2011-03-27,Summer,2011,March,Sunday,Weekend,MistCloud,3.893021000000001,49.3913,0.1843,472,1221,1693
87,2011-03-28,Summer,2011,March,Monday,Weekday,Clear,4.424356000000001,30.2174,0.212204,222,1806,2028
88,2011-03-29,Summer,2011,March,Tuesday,Weekday,Clear,6.217499999999999,31.4167,0.226996,317,2108,2425
89,2011-03-30,Summer,2011,March,Wednesday,Weekday,MistCloud,6.1,64.6667,0.172888,168,1368,1536
90,2011-03-31,Summer,2011,March,Thursday,Weekday,LightRainSnow,4.611651,91.8333,0.217646,179,1506,1685
91,2011-04-01,Summer,2011,April,Friday,Weekday,MistCloud,6.1,68.625,0.258708,307,1920,2227
92,2011-04-02,Summer,2011,April,Saturday,Weekend,MistCloud,6.805,65.375,0.197146,898,1354,2252
93,2011-04-03,Summer,2011,April,Sunday,Weekend,Clear,9.781651,48.0,0.182213,1651,1598,3249
94,2011-04-04,Summer,2011,April,Monday,Weekday,Clear,18.946651,42.625,0.385571,734,2381,3115
95,2011-04-05,Summer,2011,April,Tuesday,Weekday,MistCloud,11.465848999999999,64.2083,0.388067,167,1628,1795
96,2011-04-06,Summer,2011,April,Wednesday,Weekday,Clear,10.369150999999999,47.0833,0.263063,413,2395,2808
97,2011-04-07,Summer,2011,April,Thursday,Weekday,Clear,12.5625,60.291700000000006,0.162312,571,2570,3141
98,2011-04-08,Summer,2011,April,Friday,Weekday,MistCloud,7.784151,83.625,0.226992,172,1299,1471
99,2011-04-09,Summer,2011,April,Saturday,Weekend,MistCloud,8.0975,87.75,0.133083,879,1576,2455
100,2011-04-10,Summer,2011,April,Sunday,Weekend,MistCloud,12.053349,85.75,0.146767,1188,1707,2895
101,2011-04-11,Summer,2011,April,Monday,Weekday,MistCloud,19.995644,71.6956,0.324474,855,2493,3348
102,2011-04-12,Summer,2011,April,Tuesday,Weekday,MistCloud,15.617499999999996,73.9167,0.274879,257,1777,2034
103,2011-04-13,Summer,2011,April,Wednesday,Weekday,MistCloud,11.3875,81.91669999999999,0.250617,209,1953,2162
104,2011-04-14,Summer,2011,April,Thursday,Weekday,Clear,13.9725,54.041700000000006,0.1107,529,2738,3267
105,2011-04-15,Summer,2011,April,Friday,Weekend,Clear,12.993348999999998,67.125,0.226375,642,2484,3126
106,2011-04-16,Summer,2011,April,Saturday,Weekend,LightRainSnow,12.249151000000001,88.83330000000001,0.340808,121,674,795
107,2011-04-17,Summer,2011,April,Sunday,Weekend,Clear,13.463349000000001,47.9583,0.303496,1558,2186,3744
108,2011-04-18,Summer,2011,April,Monday,Weekday,Clear,16.0875,54.25,0.163567,669,2760,3429
109,2011-04-19,Summer,2011,April,Tuesday,Weekday,MistCloud,15.774151,66.5833,0.157971,409,2795,3204
110,2011-04-20,Summer,2011,April,Wednesday,Weekday,Clear,19.965,61.4167,0.241925,613,3331,3944
111,2011-04-21,Summer,2011,April,Thursday,Weekday,Clear,13.580849,40.708299999999994,0.325258,745,3444,4189
112,2011-04-22,Summer,2011,April,Friday,Weekday,MistCloud,7.823349,72.9583,0.219521,177,1506,1683
113,2011-04-23,Summer,2011,April,Saturday,Weekend,MistCloud,13.620000000000001,88.79169999999999,0.230725,1462,2574,4036
114,2011-04-24,Summer,2011,April,Sunday,Weekend,MistCloud,19.338349,81.08330000000001,0.192175,1710,2481,4191
115,2011-04-25,Summer,2011,April,Monday,Weekday,Clear,20.513348999999998,77.6667,0.185333,773,3300,4073
116,2011-04-26,Summer,2011,April,Tuesday,Weekday,Clear,21.688349,72.9167,0.3265,678,3722,4400
117,2011-04-27,Summer,2011,April,Wednesday,Weekday,MistCloud,21.14,83.54169999999999,0.3122,547,3325,3872
118,2011-04-28,Summer,2011,April,Thursday,Weekday,MistCloud,21.0225,70.08330000000001,0.320908,569,3489,4058
119,2011-04-29,Summer,2011,April,Friday,Weekday,Clear,15.969999999999999,45.7083,0.240063,878,3717,4595
120,2011-04-30,Summer,2011,April,Saturday,Weekend,Clear,14.2075,50.3333,0.235075,1965,3347,5312
121,2011-05-01,Summer,2011,May,Sunday,Weekend,MistCloud,13.228348999999998,76.2083,0.106354,1138,2213,3351
122,2011-05-02,Summer,2011,May,Monday,Weekday,MistCloud,17.810848999999997,73.0,0.183454,847,3554,4401
123,2011-05-03,Summer,2011,May,Tuesday,Weekday,MistCloud,20.983348999999997,69.7083,0.342667,603,3848,4451
124,2011-05-04,Summer,2011,May,Wednesday,Weekday,MistCloud,11.465848999999999,73.70830000000001,0.328996,255,2378,2633
125,2011-05-05,Summer,2011,May,Thursday,Weekday,Clear,13.580849,44.4167,0.295392,614,3819,4433
126,2011-05-06,Summer,2011,May,Friday,Weekday,Clear,14.520849000000002,59.0,0.228246,894,3714,4608
127,2011-05-07,Summer,2011,May,Saturday,Weekend,Clear,16.44,54.125,0.16045,1612,3102,4714
128,2011-05-08,Summer,2011,May,Sunday,Weekend,Clear,16.831651,63.1667,0.0746375,1401,2932,4333
129,2011-05-09,Summer,2011,May,Monday,Weekday,Clear,17.0275,58.875,0.176,664,3698,4362
130,2011-05-10,Summer,2011,May,Tuesday,Weekday,Clear,17.0275,48.9167,0.115671,694,4109,4803
131,2011-05-11,Summer,2011,May,Wednesday,Weekday,Clear,17.4975,63.29169999999999,0.120642,550,3632,4182
132,2011-05-12,Summer,2011,May,Thursday,Weekday,Clear,17.145000000000003,74.75,0.189667,695,4169,4864
133,2011-05-13,Summer,2011,May,Friday,Weekday,MistCloud,16.0875,86.33330000000001,0.179725,692,3413,4105
134,2011-05-14,Summer,2011,May,Saturday,Weekend,MistCloud,16.479150999999998,92.25,0.13495,902,2507,3409
135,2011-05-15,Summer,2011,May,Sunday,Weekend,MistCloud,18.4375,86.70830000000001,0.152979,1582,2971,4553
136,2011-05-16,Summer,2011,May,Monday,Weekday,Clear,19.142500000000002,78.79169999999999,0.126871,773,3185,3958
137,2011-05-17,Summer,2011,May,Tuesday,Weekday,MistCloud,18.398349,83.7917,0.277354,678,3445,4123
138,2011-05-18,Summer,2011,May,Wednesday,Weekday,MistCloud,17.85,87.0,0.201492,536,3319,3855
139,2011-05-19,Summer,2011,May,Thursday,Weekday,MistCloud,16.949151,82.9583,0.108213,735,3840,4575
140,2011-05-20,Summer,2011,May,Friday,Weekday,Clear,17.223349,71.9583,0.125013,909,4008,4917
141,2011-05-21,Summer,2011,May,Saturday,Weekend,Clear,20.317500000000003,62.6667,0.12065,2258,3547,5805
142,2011-05-22,Summer,2011,May,Sunday,Weekend,Clear,20.395849000000002,74.9583,0.148008,1576,3084,4660
143,2011-05-23,Summer,2011,May,Monday,Weekday,MistCloud,21.688349,81.0,0.233842,836,3438,4274
144,2011-05-24,Summer,2011,May,Tuesday,Weekday,MistCloud,23.020000000000003,74.0833,0.207092,659,3833,4492
145,2011-05-25,Summer,2011,May,Wednesday,Weekday,Clear,23.059151,69.625,0.154233,740,4238,4978
146,2011-05-26,Summer,2011,May,Thursday,Weekday,Clear,25.291651,67.75,0.199642,758,3919,4677
147,2011-05-27,Summer,2011,May,Friday,Weekday,Clear,24.038349000000004,65.375,0.240679,871,3808,4679
148,2011-05-28,Summer,2011,May,Saturday,Weekend,Clear,22.824151,72.9583,0.230092,2001,2757,4758
149,2011-05-29,Summer,2011,May,Sunday,Weekend,Clear,23.3725,81.875,0.213938,2355,2433,4788
150,2011-05-30,Summer,2011,May,Monday,Weekend,Clear,26.466651,68.5,0.131225,1549,2549,4098
151,2011-05-31,Summer,2011,May,Tuesday,Weekday,Clear,28.425000000000004,63.6667,0.111329,673,3309,3982
152,2011-06-01,Summer,2011,Juny,Wednesday,Weekday,MistCloud,27.915849,67.7083,0.207092,513,3461,3974
153,2011-06-02,Summer,2011,Juny,Thursday,Weekday,Clear,25.604999999999997,30.5,0.292287,736,4232,4968
154,2011-06-03,Summer,2011,Juny,Friday,Weekday,Clear,21.14,35.4167,0.253121,898,4414,5312
155,2011-06-04,Summer,2011,Juny,Saturday,Weekend,Clear,21.845,45.625,0.123142,1869,3473,5342
156,2011-06-05,Summer,2011,Juny,Sunday,Weekend,MistCloud,22.471651,65.25,0.138692,1685,3221,4906
157,2011-06-06,Summer,2011,Juny,Monday,Weekday,Clear,23.881650999999998,60.0,0.121896,673,3875,4548
158,2011-06-07,Summer,2011,Juny,Tuesday,Weekday,Clear,25.252499999999998,59.791700000000006,0.187808,763,4070,4833
159,2011-06-08,Summer,2011,Juny,Wednesday,Weekday,Clear,28.464151,62.20830000000001,0.136817,676,3725,4401
160,2011-06-09,Summer,2011,Juny,Thursday,Weekday,MistCloud,29.991650999999997,56.833299999999994,0.149883,563,3352,3915
161,2011-06-10,Summer,2011,Juny,Friday,Weekday,Clear,27.485,60.5,0.140554,815,3771,4586
162,2011-06-11,Summer,2011,Juny,Saturday,Weekend,Clear,26.074999999999996,65.45830000000001,0.15485,1729,3237,4966
163,2011-06-12,Summer,2011,Juny,Sunday,Weekend,Clear,24.5475,74.7917,0.163567,1467,2993,4460
164,2011-06-13,Summer,2011,Juny,Monday,Weekday,Clear,21.845,49.4583,0.30535,863,4157,5020
165,2011-06-14,Summer,2011,Juny,Tuesday,Weekday,Clear,20.395849000000002,50.708299999999994,0.269283,727,4164,4891
166,2011-06-15,Summer,2011,Juny,Wednesday,Weekday,Clear,21.453349,47.1667,0.167912,769,4411,5180
167,2011-06-16,Summer,2011,Juny,Thursday,Weekday,MistCloud,21.531651,68.8333,0.206471,545,3222,3767
168,2011-06-17,Summer,2011,Juny,Friday,Weekday,Clear,22.510849000000004,73.5833,0.143029,863,3981,4844
169,2011-06-18,Summer,2011,Juny,Saturday,Weekend,Clear,24.743349000000002,67.0417,0.119408,1807,3312,5119
170,2011-06-19,Summer,2011,Juny,Sunday,Weekend,MistCloud,24.860849,66.6667,0.102,1639,3105,4744
171,2011-06-20,Summer,2011,Juny,Monday,Weekday,MistCloud,21.845,74.625,0.155475,699,3311,4010
172,2011-06-21,Autumn,2011,Juny,Tuesday,Weekday,MistCloud,23.999151,77.0417,0.171025,774,4061,4835
173,2011-06-22,Autumn,2011,Juny,Wednesday,Weekday,Clear,26.466651,70.75,0.172262,661,3846,4507
174,2011-06-23,Autumn,2011,Juny,Thursday,Weekday,MistCloud,26.231651,70.3333,0.238804,746,4044,4790
175,2011-06-24,Autumn,2011,Juny,Friday,Weekday,Clear,26.035849,57.3333,0.222025,969,4022,4991
176,2011-06-25,Autumn,2011,Juny,Saturday,Weekend,Clear,24.665,48.3333,0.209571,1782,3420,5202
177,2011-06-26,Autumn,2011,Juny,Sunday,Weekend,Clear,23.96,51.3333,0.0945333,1920,3385,5305
178,2011-06-27,Autumn,2011,Juny,Monday,Weekday,MistCloud,24.0775,65.8333,0.107588,854,3854,4708
179,2011-06-28,Autumn,2011,Juny,Tuesday,Weekday,Clear,26.975849000000004,63.416700000000006,0.144283,732,3916,4648
180,2011-06-29,Autumn,2011,Juny,Wednesday,Weekday,Clear,26.231651,49.7917,0.261821,848,4377,5225
181,2011-06-30,Autumn,2011,Juny,Thursday,Weekday,Clear,24.743349000000002,43.416700000000006,0.185312,1027,4488,5515
182,2011-07-01,Autumn,2011,July,Friday,Weekday,Clear,25.957500000000003,39.625,0.102608,1246,4116,5362
183,2011-07-02,Autumn,2011,July,Saturday,Weekend,Clear,26.701651,44.4583,0.115062,2204,2915,5119
184,2011-07-03,Autumn,2011,July,Sunday,Weekend,MistCloud,25.683349,68.25,0.228858,2282,2367,4649
185,2011-07-04,Autumn,2011,July,Monday,Weekend,MistCloud,26.153349,63.7917,0.0814792,3065,2978,6043
186,2011-07-05,Autumn,2011,July,Tuesday,Weekday,Clear,27.093348999999996,59.0417,0.126258,1031,3634,4665
187,2011-07-06,Autumn,2011,July,Wednesday,Weekday,Clear,25.839999999999996,74.33330000000001,0.149883,784,3845,4629
188,2011-07-07,Autumn,2011,July,Thursday,Weekday,Clear,27.25,65.125,0.1592,754,3838,4592
189,2011-07-08,Autumn,2011,July,Friday,Weekday,MistCloud,25.330849,75.79169999999999,0.225129,692,3348,4040
190,2011-07-09,Autumn,2011,July,Saturday,Weekend,Clear,26.466651,60.9167,0.167912,1988,3348,5336
191,2011-07-10,Autumn,2011,July,Sunday,Weekend,Clear,27.1325,57.8333,0.183471,1743,3138,4881
192,2011-07-11,Autumn,2011,July,Monday,Weekday,Clear,27.8375,63.5833,0.282337,723,3363,4086
193,2011-07-12,Autumn,2011,July,Tuesday,Weekday,Clear,29.325848999999998,55.9167,0.200254,662,3596,4258
194,2011-07-13,Autumn,2011,July,Wednesday,Weekday,Clear,27.093348999999996,63.1667,0.146133,748,3594,4342
195,2011-07-14,Autumn,2011,July,Thursday,Weekday,Clear,23.999151,47.625,0.240667,888,4196,5084
196,2011-07-15,Autumn,2011,July,Friday,Weekday,Clear,23.176650999999996,59.12500000000001,0.182833,1318,4220,5538
197,2011-07-16,Autumn,2011,July,Saturday,Weekend,Clear,24.273349000000003,58.5,0.208342,2418,3505,5923
198,2011-07-17,Autumn,2011,July,Sunday,Weekend,Clear,25.800849,60.4167,0.245033,2006,3296,5302
199,2011-07-18,Autumn,2011,July,Monday,Weekday,Clear,27.093348999999996,65.125,0.215804,841,3617,4458
200,2011-07-19,Autumn,2011,July,Tuesday,Weekday,Clear,28.503349,65.0417,0.1306,752,3789,4541
201,2011-07-20,Autumn,2011,July,Wednesday,Weekday,Clear,28.111651000000002,70.70830000000001,0.113817,644,3688,4332
202,2011-07-21,Autumn,2011,July,Thursday,Weekday,MistCloud,30.305,69.125,0.222021,632,3152,3784
203,2011-07-22,Autumn,2011,July,Friday,Weekday,Clear,31.871651,58.0417,0.1331,562,2825,3387
204,2011-07-23,Autumn,2011,July,Saturday,Weekend,Clear,31.910849,50.0,0.131221,987,2298,3285
205,2011-07-24,Autumn,2011,July,Sunday,Weekend,Clear,31.009999999999998,55.0833,0.169171,1050,2556,3606
206,2011-07-25,Autumn,2011,July,Monday,Weekday,Clear,26.936650999999998,75.7083,0.0908083,568,3272,3840
207,2011-07-26,Autumn,2011,July,Tuesday,Weekday,Clear,28.268349,54.0833,0.200258,750,3840,4590
208,2011-07-27,Autumn,2011,July,Wednesday,Weekday,Clear,28.425000000000004,40.291700000000006,0.183463,755,3901,4656
209,2011-07-28,Autumn,2011,July,Thursday,Weekday,Clear,28.620849,58.3333,0.178479,606,3784,4390
210,2011-07-29,Autumn,2011,July,Friday,Weekday,Clear,31.401651,54.25,0.174138,670,3176,3846
211,2011-07-30,Autumn,2011,July,Saturday,Weekend,Clear,29.795848999999997,46.5833,0.168537,1559,2916,4475
212,2011-07-31,Autumn,2011,July,Sunday,Weekend,Clear,29.874150999999998,48.0833,0.164813,1524,2778,4302
213,2011-08-01,Autumn,2011,August,Monday,Weekday,Clear,28.268349,55.0833,0.156717,729,3537,4266
214,2011-08-02,Autumn,2011,August,Tuesday,Weekday,Clear,28.816651,49.125,0.20585,801,4044,4845
215,2011-08-03,Autumn,2011,August,Wednesday,Weekday,MistCloud,26.388348999999998,65.75,0.135583,467,3107,3574
216,2011-08-04,Autumn,2011,August,Thursday,Weekday,MistCloud,25.369999999999997,75.75,0.19715,799,3777,4576
217,2011-08-05,Autumn,2011,August,Friday,Weekday,Clear,25.409151,63.083299999999994,0.184696,1023,3843,4866
218,2011-08-06,Autumn,2011,August,Saturday,Weekend,MistCloud,25.683349,75.5,0.22825,1521,2773,4294
219,2011-08-07,Autumn,2011,August,Sunday,Weekend,Clear,26.8975,75.29169999999999,0.201487,1298,2487,3785
220,2011-08-08,Autumn,2011,August,Monday,Weekday,Clear,27.955,59.2083,0.192175,846,3480,4326
221,2011-08-09,Autumn,2011,August,Tuesday,Weekday,Clear,28.425000000000004,57.04169999999999,0.151121,907,3695,4602
222,2011-08-10,Autumn,2011,August,Wednesday,Weekday,Clear,28.033349,42.4167,0.200258,884,3896,4780
223,2011-08-11,Autumn,2011,August,Thursday,Weekday,Clear,25.722500000000004,42.375,0.164796,812,3980,4792
224,2011-08-12,Autumn,2011,August,Friday,Weekday,Clear,25.291651,41.5,0.125621,1051,3854,4905
225,2011-08-13,Autumn,2011,August,Saturday,Weekend,MistCloud,24.234151000000004,72.9583,0.211454,1504,2646,4150
226,2011-08-14,Autumn,2011,August,Sunday,Weekend,MistCloud,23.803349,81.75,0.222633,1338,2482,3820
227,2011-08-15,Autumn,2011,August,Monday,Weekday,Clear,23.294151,71.20830000000001,0.208954,775,3563,4338
228,2011-08-16,Autumn,2011,August,Tuesday,Weekday,Clear,24.939151000000003,57.8333,0.236329,721,4004,4725
229,2011-08-17,Autumn,2011,August,Wednesday,Weekday,Clear,25.996651,57.5417,0.143667,668,4026,4694
230,2011-08-18,Autumn,2011,August,Thursday,Weekday,Clear,25.448349,65.45830000000001,0.233208,639,3166,3805
231,2011-08-19,Autumn,2011,August,Friday,Weekday,MistCloud,24.195,72.2917,0.139308,797,3356,4153
232,2011-08-20,Autumn,2011,August,Saturday,Weekend,Clear,24.7825,67.41669999999999,0.104467,1914,3277,5191
233,2011-08-21,Autumn,2011,August,Sunday,Weekend,Clear,25.409151,77.0,0.248754,1249,2624,3873
234,2011-08-22,Autumn,2011,August,Monday,Weekday,Clear,24.508349000000003,47.0,0.27675,833,3925,4758
235,2011-08-23,Autumn,2011,August,Tuesday,Weekday,Clear,22.119151,45.5417,0.146763,1281,4614,5895
236,2011-08-24,Autumn,2011,August,Wednesday,Weekday,Clear,23.646651,60.5,0.253108,949,4181,5130
237,2011-08-25,Autumn,2011,August,Thursday,Weekday,MistCloud,24.155848999999996,77.1667,0.210833,435,3107,3542
238,2011-08-26,Autumn,2011,August,Friday,Weekday,Clear,24.9,76.125,0.0839625,768,3893,4661
239,2011-08-27,Autumn,2011,August,Saturday,Weekend,MistCloud,23.96,85.0,0.375617,226,889,1115
240,2011-08-28,Autumn,2011,August,Sunday,Weekend,Clear,25.231772999999997,56.1765,0.304659,1415,2919,4334
241,2011-08-29,Autumn,2011,August,Monday,Weekday,Clear,21.923348999999998,55.45830000000001,0.159825,729,3905,4634
242,2011-08-30,Autumn,2011,August,Tuesday,Weekday,Clear,22.040849,54.833299999999994,0.125008,775,4429,5204
243,2011-08-31,Autumn,2011,August,Wednesday,Weekday,Clear,22.863349,59.791700000000006,0.0833333,688,4370,5058
244,2011-09-01,Autumn,2011,September,Thursday,Weekday,Clear,22.785,63.916700000000006,0.141796,783,4332,5115
245,2011-09-02,Autumn,2011,September,Friday,Weekday,MistCloud,22.236651000000002,72.70830000000001,0.139929,875,3852,4727
246,2011-09-03,Autumn,2011,September,Saturday,Weekend,Clear,23.450848999999998,71.6667,0.185325,1935,2549,4484
247,2011-09-04,Autumn,2011,September,Sunday,Weekend,Clear,25.330849,74.20830000000001,0.206467,2521,2419,4940
248,2011-09-05,Autumn,2011,September,Monday,Weekend,MistCloud,23.646651,79.0417,0.212696,1236,2115,3351
249,2011-09-06,Autumn,2011,September,Tuesday,Weekday,LightRainSnow,17.380000000000003,88.6957,0.343943,204,2506,2710
250,2011-09-07,Autumn,2011,September,Wednesday,Weekday,LightRainSnow,20.160849,91.7083,0.0970208,118,1878,1996
251,2011-09-08,Autumn,2011,September,Thursday,Weekday,LightRainSnow,21.793910999999998,93.9565,0.192748,153,1689,1842
252,2011-09-09,Autumn,2011,September,Friday,Weekday,MistCloud,22.55,89.79169999999999,0.124379,417,3127,3544
253,2011-09-10,Autumn,2011,September,Saturday,Weekend,Clear,23.020000000000003,75.375,0.153608,1750,3595,5345
254,2011-09-11,Autumn,2011,September,Sunday,Weekend,Clear,22.706651,71.375,0.115054,1633,3413,5046
255,2011-09-12,Autumn,2011,September,Monday,Weekday,Clear,22.284356000000002,69.2174,0.088913,690,4023,4713
256,2011-09-13,Autumn,2011,September,Tuesday,Weekday,Clear,22.589151,71.25,0.141804,701,4062,4763
257,2011-09-14,Autumn,2011,September,Wednesday,Weekday,Clear,23.646651,69.7083,0.1673,647,4138,4785
258,2011-09-15,Autumn,2011,September,Thursday,Weekday,MistCloud,19.142500000000002,70.9167,0.271146,428,3231,3659
259,2011-09-16,Autumn,2011,September,Friday,Weekday,MistCloud,14.050849,59.0417,0.164183,742,4018,4760
260,2011-09-17,Autumn,2011,September,Saturday,Weekend,MistCloud,15.108349,71.8333,0.189675,1434,3077,4511
261,2011-09-18,Autumn,2011,September,Sunday,Weekend,Clear,15.8525,69.5,0.178483,1353,2921,4274
262,2011-09-19,Autumn,2011,September,Monday,Weekday,MistCloud,17.810848999999997,69.0,0.151742,691,3848,4539
263,2011-09-20,Autumn,2011,September,Tuesday,Weekday,MistCloud,18.398349,88.125,0.134954,438,3203,3641
264,2011-09-21,Autumn,2011,September,Wednesday,Weekday,MistCloud,19.965,90.0,0.0964042,539,3813,4352
265,2011-09-22,Autumn,2011,September,Thursday,Weekday,MistCloud,21.531651,90.2083,0.128125,555,4240,4795
266,2011-09-23,Winter,2011,September,Friday,Weekday,MistCloud,20.630849,97.25,0.0783667,258,2137,2395
267,2011-09-24,Winter,2011,September,Saturday,Weekend,MistCloud,20.513348999999998,86.25,0.0783833,1776,3647,5423
268,2011-09-25,Winter,2011,September,Sunday,Weekend,MistCloud,21.805849000000002,84.5,0.0503792,1544,3466,5010
269,2011-09-26,Winter,2011,September,Monday,Weekday,MistCloud,22.510849000000004,84.8333,0.1107,684,3946,4630
270,2011-09-27,Winter,2011,September,Tuesday,Weekday,MistCloud,21.923348999999998,88.5417,0.118171,477,3643,4120
271,2011-09-28,Winter,2011,September,Wednesday,Weekday,MistCloud,21.845,84.875,0.148629,480,3427,3907
272,2011-09-29,Winter,2011,September,Thursday,Weekday,Clear,20.983348999999997,69.91669999999999,0.172883,653,4186,4839
273,2011-09-30,Winter,2011,September,Friday,Weekday,Clear,18.515849,64.75,0.206475,830,4372,5202
274,2011-10-01,Winter,2011,October,Saturday,Weekend,MistCloud,11.27,75.375,0.292296,480,1949,2429
275,2011-10-02,Winter,2011,October,Sunday,Weekend,MistCloud,8.763349000000002,79.1667,0.222013,616,2302,2918
276,2011-10-03,Winter,2011,October,Monday,Weekday,MistCloud,10.055848999999998,76.0833,0.0833458,330,3240,3570
277,2011-10-04,Winter,2011,October,Tuesday,Weekday,Clear,14.755849000000001,71.0,0.205854,486,3970,4456
278,2011-10-05,Winter,2011,October,Wednesday,Weekday,Clear,17.301650999999996,64.79169999999999,0.17725,559,4267,4826
279,2011-10-06,Winter,2011,October,Thursday,Weekday,Clear,15.225849,62.083299999999994,0.134954,639,4126,4765
280,2011-10-07,Winter,2011,October,Friday,Weekday,Clear,16.009151,68.41669999999999,0.0223917,949,4036,4985
281,2011-10-08,Winter,2011,October,Saturday,Weekend,Clear,16.518349,70.125,0.0454042,2235,3174,5409
282,2011-10-09,Winter,2011,October,Sunday,Weekend,Clear,17.419151,72.75,0.06345,2397,3114,5511
283,2011-10-10,Winter,2011,October,Monday,Weekend,Clear,18.829151000000003,73.375,0.0423042,1514,3603,5117
284,2011-10-11,Winter,2011,October,Tuesday,Weekday,MistCloud,18.633349000000003,80.875,0.143042,667,3896,4563
285,2011-10-12,Winter,2011,October,Wednesday,Weekday,LightRainSnow,17.536651,90.625,0.24815,217,2199,2416
286,2011-10-13,Winter,2011,October,Thursday,Weekday,MistCloud,19.690849,89.6667,0.141787,290,2623,2913
287,2011-10-14,Winter,2011,October,Friday,Weekday,MistCloud,17.889151000000002,71.625,0.223883,529,3115,3644
288,2011-10-15,Winter,2011,October,Saturday,Weekend,Clear,15.813348999999999,48.3333,0.258083,1899,3318,5217
289,2011-10-16,Winter,2011,October,Sunday,Weekend,Clear,16.048348999999998,48.6667,0.281717,1748,3293,5041
290,2011-10-17,Winter,2011,October,Monday,Weekday,Clear,17.105849,57.958299999999994,0.175379,713,3857,4570
291,2011-10-18,Winter,2011,October,Tuesday,Weekday,MistCloud,17.0275,70.1667,0.110087,637,4111,4748
292,2011-10-19,Winter,2011,October,Wednesday,Weekday,LightRainSnow,17.461733,89.52170000000001,0.243339,254,2170,2424
293,2011-10-20,Winter,2011,October,Thursday,Weekday,Clear,14.364151,63.625,0.422275,471,3724,4195
294,2011-10-21,Winter,2011,October,Friday,Weekday,Clear,12.092500000000001,57.4167,0.221396,676,3628,4304
295,2011-10-22,Winter,2011,October,Saturday,Weekend,Clear,11.857499999999998,62.916700000000006,0.0926667,1499,2809,4308
296,2011-10-23,Winter,2011,October,Sunday,Weekend,Clear,11.818349000000001,74.125,0.0995125,1619,2762,4381
297,2011-10-24,Winter,2011,October,Monday,Weekday,Clear,13.776651000000001,77.2083,0.118792,699,3488,4187
298,2011-10-25,Winter,2011,October,Tuesday,Weekday,Clear,14.168349,62.291700000000006,0.166658,695,3992,4687
299,2011-10-26,Winter,2011,October,Wednesday,Weekday,MistCloud,14.755849000000001,72.04169999999999,0.148642,404,3490,3894
300,2011-10-27,Winter,2011,October,Thursday,Weekday,MistCloud,14.09,81.2917,0.197763,240,2419,2659
301,2011-10-28,Winter,2011,October,Friday,Weekday,MistCloud,7.549151,58.58330000000001,0.229479,456,3291,3747
302,2011-10-29,Winter,2011,October,Saturday,Weekend,LightRainSnow,3.945848999999999,88.25,0.351371,57,570,627
303,2011-10-30,Winter,2011,October,Sunday,Weekend,Clear,7.000848999999999,62.375,0.176617,885,2446,3331
304,2011-10-31,Winter,2011,October,Monday,Weekday,Clear,7.98,70.3333,0.10635,362,3307,3669
305,2011-11-01,Winter,2011,November,Tuesday,Weekday,Clear,10.839151000000001,68.375,0.135571,410,3658,4068
306,2011-11-02,Winter,2011,November,Wednesday,Weekday,Clear,9.7425,71.875,0.0820917,370,3816,4186
307,2011-11-03,Winter,2011,November,Thursday,Weekday,Clear,11.191651,70.20830000000001,0.136817,318,3656,3974
308,2011-11-04,Winter,2011,November,Friday,Weekday,MistCloud,10.956651,62.25000000000001,0.271779,470,3576,4046
309,2011-11-05,Winter,2011,November,Saturday,Weekend,Clear,7.353349,51.916700000000006,0.189062,1156,2770,3926
310,2011-11-06,Winter,2011,November,Sunday,Weekend,Clear,8.371651,73.4583,0.0920542,952,2697,3649
311,2011-11-07,Winter,2011,November,Monday,Weekday,Clear,10.565000000000001,75.875,0.057225,373,3662,4035
312,2011-11-08,Winter,2011,November,Tuesday,Weekday,Clear,11.191651,72.16669999999999,0.0690375,376,3829,4205
313,2011-11-09,Winter,2011,November,Wednesday,Weekday,Clear,10.8,75.83330000000001,0.0621958,305,3804,4109
314,2011-11-10,Winter,2011,November,Thursday,Weekday,MistCloud,9.86,81.3333,0.189067,190,2743,2933
315,2011-11-11,Winter,2011,November,Friday,Weekend,Clear,7.235849,44.625,0.314675,440,2928,3368
316,2011-11-12,Winter,2011,November,Saturday,Weekend,Clear,8.763349000000002,55.2917,0.212062,1275,2792,4067
317,2011-11-13,Winter,2011,November,Sunday,Weekend,Clear,12.719151,45.8333,0.281721,1004,2713,3717
318,2011-11-14,Winter,2011,November,Monday,Weekday,Clear,16.91,58.7083,0.306596,595,3891,4486
319,2011-11-15,Winter,2011,November,Tuesday,Weekday,MistCloud,16.91,68.875,0.199633,449,3746,4195
320,2011-11-16,Winter,2011,November,Wednesday,Weekday,LightRainSnow,13.463349000000001,93.0,0.136829,145,1672,1817
321,2011-11-17,Winter,2011,November,Thursday,Weekday,MistCloud,8.058349,57.5833,0.305362,139,2914,3053
322,2011-11-18,Winter,2011,November,Friday,Weekday,Clear,4.885849,41.0,0.168533,245,3147,3392
323,2011-11-19,Winter,2011,November,Saturday,Weekend,Clear,7.470848999999999,50.208299999999994,0.224496,943,2720,3663
324,2011-11-20,Winter,2011,November,Sunday,Weekend,MistCloud,13.776651000000001,68.45830000000001,0.18595,787,2733,3520
325,2011-11-21,Winter,2011,November,Monday,Weekday,LightRainSnow,13.032499999999999,91.0,0.138054,220,2545,2765
326,2011-11-22,Winter,2011,November,Tuesday,Weekday,LightRainSnow,11.583349000000002,96.25,0.118792,69,1538,1607
327,2011-11-23,Winter,2011,November,Wednesday,Weekday,MistCloud,12.719151,75.79169999999999,0.335825,112,2454,2566
328,2011-11-24,Winter,2011,November,Thursday,Weekend,Clear,9.546651,54.9167,0.167304,560,935,1495
329,2011-11-25,Winter,2011,November,Friday,Weekday,Clear,9.625,64.375,0.0988958,1095,1697,2792
330,2011-11-26,Winter,2011,November,Saturday,Weekend,Clear,9.664151,68.1667,0.0684208,1249,1819,3068
331,2011-11-27,Winter,2011,November,Sunday,Weekend,Clear,13.580849,69.8333,0.208954,810,2261,3071
332,2011-11-28,Winter,2011,November,Monday,Weekday,Clear,15.663466,74.3043,0.142122,253,3614,3867
333,2011-11-29,Winter,2011,November,Tuesday,Weekday,MistCloud,13.541650999999998,83.08330000000001,0.258092,96,2818,2914
334,2011-11-30,Winter,2011,November,Wednesday,Weekday,Clear,7.275,61.3333,0.271158,188,3425,3613
335,2011-12-01,Winter,2011,December,Thursday,Weekday,Clear,6.6875,52.4583,0.220158,182,3545,3727
336,2011-12-02,Winter,2011,December,Friday,Weekday,Clear,6.765848999999999,62.583299999999994,0.100754,268,3672,3940
337,2011-12-03,Winter,2011,December,Saturday,Weekend,Clear,6.060849000000001,61.291700000000006,0.0957833,706,2908,3614
338,2011-12-04,Winter,2011,December,Sunday,Weekend,Clear,7.549151,77.5833,0.0839583,634,2851,3485
339,2011-12-05,Winter,2011,December,Monday,Weekday,MistCloud,10.134151,82.70830000000001,0.0622083,233,3578,3811
340,2011-12-06,Winter,2011,December,Tuesday,Weekday,LightRainSnow,13.7375,94.9583,0.232583,126,2468,2594
341,2011-12-07,Winter,2011,December,Wednesday,Weekday,LightRainSnow,11.27,97.04169999999999,0.266175,50,655,705
342,2011-12-08,Winter,2011,December,Thursday,Weekday,Clear,4.494150999999999,57.99999999999999,0.240058,150,3172,3322
343,2011-12-09,Winter,2011,December,Friday,Weekday,Clear,5.669151000000001,69.58330000000001,0.0827167,261,3359,3620
344,2011-12-10,Winter,2011,December,Saturday,Weekend,Clear,4.925000000000001,50.74999999999999,0.233221,502,2688,3190
345,2011-12-11,Winter,2011,December,Sunday,Weekend,Clear,2.3791510000000002,49.0,0.0665417,377,2366,2743
346,2011-12-12,Winter,2011,December,Monday,Weekday,Clear,3.201651,67.08330000000001,0.06345,143,3167,3310
347,2011-12-13,Winter,2011,December,Tuesday,Weekday,Clear,5.277499999999998,59.0,0.14055,155,3368,3523
348,2011-12-14,Winter,2011,December,Wednesday,Weekday,MistCloud,6.922499999999999,66.375,0.0609583,178,3562,3740
349,2011-12-15,Winter,2011,December,Thursday,Weekday,MistCloud,11.857499999999998,63.416700000000006,0.268042,181,3528,3709
350,2011-12-16,Winter,2011,December,Friday,Weekday,MistCloud,9.625,50.0417,0.260575,178,3399,3577
351,2011-12-17,Winter,2011,December,Saturday,Weekend,MistCloud,4.1416509999999995,56.0833,0.243167,275,2464,2739
352,2011-12-18,Winter,2011,December,Sunday,Weekend,Clear,3.201651,58.62500000000001,0.169779,220,2211,2431
353,2011-12-19,Winter,2011,December,Monday,Weekday,Clear,5.003349,63.74999999999999,0.172896,260,3143,3403
354,2011-12-20,Winter,2011,December,Tuesday,Weekday,MistCloud,10.134151,59.5417,0.0615708,216,3534,3750
355,2011-12-21,Spring,2011,December,Wednesday,Weekday,MistCloud,12.131651000000002,85.83330000000001,0.2214,107,2553,2660
356,2011-12-22,Spring,2011,December,Thursday,Weekday,MistCloud,11.896651000000002,75.75,0.047275,227,2841,3068
357,2011-12-23,Spring,2011,December,Friday,Weekday,Clear,9.546651,68.625,0.274246,163,2046,2209
358,2011-12-24,Spring,2011,December,Saturday,Weekend,Clear,6.217499999999999,54.25,0.190304,155,856,1011
359,2011-12-25,Spring,2011,December,Sunday,Weekend,Clear,4.914801000000001,68.13040000000001,0.155091,303,451,754
360,2011-12-26,Spring,2011,December,Monday,Weekend,Clear,7.121732999999999,50.6957,0.239465,430,887,1317
361,2011-12-27,Spring,2011,December,Tuesday,Weekday,MistCloud,7.275,76.25,0.18845,103,1059,1162
362,2011-12-28,Spring,2011,December,Wednesday,Weekday,Clear,6.05911,50.39130000000001,0.293961,255,2047,2302
363,2011-12-29,Spring,2011,December,Thursday,Weekday,Clear,3.6716510000000007,57.4167,0.119412,254,2169,2423
364,2011-12-30,Spring,2011,December,Friday,Weekday,Clear,6.648349000000001,63.6667,0.134337,491,2508,2999
365,2011-12-31,Spring,2011,December,Saturday,Weekend,Clear,11.27,61.583299999999994,0.220154,665,1820,2485
366,2012-01-01,Spring,2012,January,Sunday,Weekend,Clear,9.39,69.25,0.192167,686,1608,2294
367,2012-01-02,Spring,2012,January,Monday,Weekend,Clear,4.833020999999999,38.130399999999995,0.329665,244,1707,1951
368,2012-01-03,Spring,2012,January,Tuesday,Weekday,Clear,-0.9500000000000002,44.125,0.365671,89,2147,2236
369,2012-01-04,Spring,2012,January,Wednesday,Weekday,MistCloud,-2.9475,41.4583,0.1847,95,2273,2368
370,2012-01-05,Spring,2012,January,Thursday,Weekday,Clear,4.494150999999999,52.416700000000006,0.129987,140,3132,3272
371,2012-01-06,Spring,2012,January,Friday,Weekday,Clear,7.705848999999999,54.2083,0.167908,307,3791,4098
372,2012-01-07,Spring,2012,January,Saturday,Weekend,Clear,10.486650999999998,53.1667,0.174758,1070,3451,4521
373,2012-01-08,Spring,2012,January,Sunday,Weekend,Clear,7.862500000000001,46.5,0.191542,599,2826,3425
374,2012-01-09,Spring,2012,January,Monday,Weekday,MistCloud,2.5358490000000007,70.1667,0.0989,106,2270,2376
375,2012-01-10,Spring,2012,January,Tuesday,Weekday,Clear,6.508712000000001,64.65220000000001,0.187552,173,3425,3598
376,2012-01-11,Spring,2012,January,Wednesday,Weekday,MistCloud,4.885849,84.75,0.131221,92,2085,2177
377,2012-01-12,Spring,2012,January,Thursday,Weekday,MistCloud,9.9775,80.2917,0.180967,269,3828,4097
378,2012-01-13,Spring,2012,January,Friday,Weekday,Clear,4.885849,50.74999999999999,0.378108,174,3040,3214
379,2012-01-14,Spring,2012,January,Saturday,Weekend,Clear,0.4599999999999991,45.75,0.187183,333,2160,2493
380,2012-01-15,Spring,2012,January,Sunday,Weekend,Clear,-0.16665099999999988,41.9167,0.251258,284,2027,2311
381,2012-01-16,Spring,2012,January,Monday,Weekend,Clear,0.9299999999999997,52.25,0.231358,217,2081,2298
382,2012-01-17,Spring,2012,January,Tuesday,Weekday,MistCloud,9.533021000000002,71.6087,0.34913,127,2808,2935
383,2012-01-18,Spring,2012,January,Wednesday,Weekday,Clear,6.2566510000000015,44.333299999999994,0.415429,109,3267,3376
384,2012-01-19,Spring,2012,January,Thursday,Weekday,Clear,0.9299999999999997,49.75,0.220158,130,3162,3292
385,2012-01-20,Spring,2012,January,Friday,Weekday,MistCloud,2.2225,45.0,0.20275,115,3048,3163
386,2012-01-21,Spring,2012,January,Saturday,Weekend,MistCloud,0.14665099999999853,83.125,0.222642,67,1234,1301
387,2012-01-22,Spring,2012,January,Sunday,Weekend,MistCloud,-0.3624999999999998,79.625,0.199638,196,1781,1977
388,2012-01-23,Spring,2012,January,Monday,Weekday,MistCloud,2.2616510000000005,91.125,0.110708,145,2287,2432
389,2012-01-24,Spring,2012,January,Tuesday,Weekday,Clear,8.0975,83.58330000000001,0.123767,439,3900,4339
390,2012-01-25,Spring,2012,January,Wednesday,Weekday,Clear,5.825849,64.375,0.161071,467,3803,4270
391,2012-01-26,Spring,2012,January,Thursday,Weekday,MistCloud,8.058349,76.95830000000001,0.0733958,244,3831,4075
392,2012-01-27,Spring,2012,January,Friday,Weekday,MistCloud,11.974999999999998,74.125,0.342667,269,3187,3456
393,2012-01-28,Spring,2012,January,Saturday,Weekend,Clear,6.844150999999998,54.333299999999994,0.210829,775,3248,4023
394,2012-01-29,Spring,2012,January,Sunday,Weekend,Clear,5.277499999999998,31.125000000000004,0.24005,558,2685,3243
395,2012-01-30,Spring,2012,January,Monday,Weekday,Clear,4.650848999999999,40.0833,0.215792,126,3498,3624
396,2012-01-31,Spring,2012,January,Tuesday,Weekday,Clear,10.330000000000002,41.6667,0.261817,324,4185,4509
397,2012-02-01,Spring,2012,February,Wednesday,Weekday,Clear,14.050849,50.79169999999999,0.189067,304,4275,4579
398,2012-02-02,Spring,2012,February,Thursday,Weekday,MistCloud,10.760849,67.29169999999999,0.187187,190,3571,3761
399,2012-02-03,Spring,2012,February,Friday,Weekday,Clear,6.726650999999999,52.6667,0.178496,310,3841,4151
400,2012-02-04,Spring,2012,February,Saturday,Weekend,MistCloud,4.415849,77.95830000000001,0.121896,384,2448,2832
401,2012-02-05,Spring,2012,February,Sunday,Weekend,MistCloud,4.494150999999999,68.7917,0.175996,318,2629,2947
402,2012-02-06,Spring,2012,February,Monday,Weekday,Clear,5.282622999999999,62.2174,0.1538,206,3578,3784
403,2012-02-07,Spring,2012,February,Tuesday,Weekday,Clear,8.645849000000002,49.625,0.147379,199,4176,4375
404,2012-02-08,Spring,2012,February,Wednesday,Weekday,MistCloud,4.063348999999999,72.2917,0.133721,109,2693,2802
405,2012-02-09,Spring,2012,February,Thursday,Weekday,Clear,4.455,56.2083,0.194037,163,3667,3830
406,2012-02-10,Spring,2012,February,Friday,Weekday,MistCloud,5.1991510000000005,54.0,0.116929,227,3604,3831
407,2012-02-11,Spring,2012,February,Saturday,Weekend,LightRainSnow,2.5358490000000007,73.125,0.289796,192,1977,2169
408,2012-02-12,Spring,2012,February,Sunday,Weekend,Clear,-2.0075000000000003,46.4583,0.409212,73,1456,1529
409,2012-02-13,Spring,2012,February,Monday,Weekday,Clear,2.4574999999999996,41.125,0.167283,94,3328,3422
410,2012-02-14,Spring,2012,February,Tuesday,Weekday,MistCloud,7.000848999999999,50.875,0.141179,135,3787,3922
411,2012-02-15,Spring,2012,February,Wednesday,Weekday,Clear,8.371651,53.125,0.1816,141,4028,4169
412,2012-02-16,Spring,2012,February,Thursday,Weekday,MistCloud,6.883348999999999,75.29169999999999,0.091425,74,2931,3005
413,2012-02-17,Spring,2012,February,Friday,Weekday,Clear,8.136651,63.4583,0.205846,349,3805,4154
414,2012-02-18,Spring,2012,February,Saturday,Weekend,Clear,8.293349,53.4583,0.190929,1435,2883,4318
415,2012-02-19,Spring,2012,February,Sunday,Weekend,MistCloud,5.160000000000002,51.5833,0.253112,618,2071,2689
416,2012-02-20,Spring,2012,February,Monday,Weekend,Clear,5.160000000000002,50.7826,0.229083,502,2627,3129
417,2012-02-21,Spring,2012,February,Tuesday,Weekday,Clear,5.5278220000000005,59.434799999999996,0.205717,163,3614,3777
418,2012-02-22,Spring,2012,February,Wednesday,Weekday,Clear,10.604150999999998,56.7917,0.234471,394,4379,4773
419,2012-02-23,Spring,2012,February,Thursday,Weekday,Clear,13.345849000000001,55.45830000000001,0.190913,516,4546,5062
420,2012-02-24,Spring,2012,February,Friday,Weekday,MistCloud,11.1525,73.75,0.237567,246,3241,3487
421,2012-02-25,Spring,2012,February,Saturday,Weekend,Clear,5.669151000000001,39.5833,0.421642,317,2415,2732
422,2012-02-26,Spring,2012,February,Sunday,Weekend,Clear,5.120849,41.0,0.205229,515,2874,3389
423,2012-02-27,Spring,2012,February,Monday,Weekday,Clear,9.233349,49.0833,0.268033,253,4069,4322
424,2012-02-28,Spring,2012,February,Tuesday,Weekday,Clear,8.880849000000001,39.5833,0.193417,229,4134,4363
425,2012-02-29,Spring,2012,February,Wednesday,Weekday,MistCloud,8.184356000000001,80.4783,0.179117,65,1769,1834
426,2012-03-01,Spring,2012,March,Thursday,Weekday,Clear,14.834151000000002,61.5417,0.226987,325,4665,4990
427,2012-03-02,Spring,2012,March,Friday,Weekday,MistCloud,8.606651,65.7083,0.144904,246,2948,3194
428,2012-03-03,Spring,2012,March,Saturday,Weekend,MistCloud,11.465848999999999,62.125,0.161079,956,3110,4066
429,2012-03-04,Spring,2012,March,Sunday,Weekend,Clear,7.314150999999999,40.3333,0.334571,710,2713,3423
430,2012-03-05,Spring,2012,March,Monday,Weekday,Clear,3.4366509999999995,50.625,0.228858,203,3130,3333
431,2012-03-06,Spring,2012,March,Tuesday,Weekday,Clear,4.1416509999999995,45.6667,0.200875,221,3735,3956
432,2012-03-07,Spring,2012,March,Wednesday,Weekday,Clear,10.995849,51.3333,0.345779,432,4484,4916
433,2012-03-08,Spring,2012,March,Thursday,Weekday,Clear,16.792499999999997,56.75,0.441563,486,4896,5382
434,2012-03-09,Spring,2012,March,Friday,Weekday,MistCloud,11.309151,40.708299999999994,0.4148,447,4122,4569
435,2012-03-10,Spring,2012,March,Saturday,Weekend,Clear,5.512499999999999,35.0417,0.22575,968,3150,4118
436,2012-03-11,Spring,2012,March,Sunday,Weekend,Clear,9.001732999999998,47.6957,0.222587,1658,3253,4911
437,2012-03-12,Spring,2012,March,Monday,Weekday,Clear,13.933349,48.9167,0.207713,838,4460,5298
438,2012-03-13,Spring,2012,March,Tuesday,Weekday,Clear,18.554999999999996,61.75000000000001,0.23695,762,5085,5847
439,2012-03-14,Spring,2012,March,Wednesday,Weekday,Clear,18.9075,50.708299999999994,0.115062,997,5315,6312
440,2012-03-15,Spring,2012,March,Thursday,Weekday,Clear,18.2025,57.958299999999994,0.149883,1005,5187,6192
441,2012-03-16,Spring,2012,March,Friday,Weekday,MistCloud,12.484151,84.20830000000001,0.113192,548,3830,4378
442,2012-03-17,Spring,2012,March,Saturday,Weekend,MistCloud,16.165849,75.5833,0.110704,3155,4681,7836
443,2012-03-18,Spring,2012,March,Sunday,Weekend,MistCloud,14.2075,81.0,0.126883,2207,3685,5892
444,2012-03-19,Spring,2012,March,Monday,Weekday,Clear,17.615000000000002,72.875,0.162317,982,5171,6153
445,2012-03-20,Spring,2012,March,Tuesday,Weekday,Clear,18.359151,80.7917,0.121271,1051,5042,6093
446,2012-03-21,Summer,2012,March,Wednesday,Weekday,MistCloud,16.988349,82.125,0.0895583,1122,5108,6230
447,2012-03-22,Summer,2012,March,Thursday,Weekday,Clear,18.045848999999997,83.125,0.117562,1334,5537,6871
448,2012-03-23,Summer,2012,March,Friday,Weekday,MistCloud,20.278349,69.41669999999999,0.1163,2469,5893,8362
449,2012-03-24,Summer,2012,March,Saturday,Weekend,MistCloud,15.617499999999996,88.5417,0.192783,1033,2339,3372
450,2012-03-25,Summer,2012,March,Sunday,Weekend,MistCloud,12.5625,88.0833,0.220775,1532,3464,4996
451,2012-03-26,Summer,2012,March,Monday,Weekday,Clear,12.954151,47.7917,0.386821,795,4763,5558
452,2012-03-27,Summer,2012,March,Tuesday,Weekday,Clear,7.196650999999999,28.999999999999996,0.187192,531,4571,5102
453,2012-03-28,Summer,2012,March,Wednesday,Weekday,Clear,14.755849000000001,48.125,0.291671,674,5024,5698
454,2012-03-29,Summer,2012,March,Thursday,Weekday,Clear,15.225849,43.9167,0.31965,834,5299,6133
455,2012-03-30,Summer,2012,March,Friday,Weekday,MistCloud,9.39,58.0833,0.138067,796,4663,5459
456,2012-03-31,Summer,2012,March,Saturday,Weekend,MistCloud,11.935849000000001,73.83330000000001,0.250617,2301,3934,6235
457,2012-04-01,Summer,2012,April,Sunday,Weekend,MistCloud,12.014151000000002,67.625,0.172267,2347,3694,6041
458,2012-04-02,Summer,2012,April,Monday,Weekday,Clear,12.393911,50.4348,0.312139,1208,4728,5936
459,2012-04-03,Summer,2012,April,Tuesday,Weekday,Clear,13.933349,39.6667,0.100133,1348,5424,6772
460,2012-04-04,Summer,2012,April,Wednesday,Weekday,Clear,17.458349000000002,46.958299999999994,0.180975,1058,5378,6436
461,2012-04-05,Summer,2012,April,Thursday,Weekday,Clear,12.445,37.416700000000006,0.219529,1192,5265,6457
462,2012-04-06,Summer,2012,April,Friday,Weekday,Clear,10.956651,37.7083,0.300388,1807,4653,6460
463,2012-04-07,Summer,2012,April,Saturday,Weekend,Clear,12.5625,25.4167,0.274871,3252,3605,6857
464,2012-04-08,Summer,2012,April,Sunday,Weekend,Clear,15.5,27.5833,0.232596,2230,2939,5169
465,2012-04-09,Summer,2012,April,Monday,Weekday,Clear,14.990849,31.75,0.358196,905,4680,5585
466,2012-04-10,Summer,2012,April,Tuesday,Weekday,Clear,12.993348999999998,43.5,0.249375,819,5099,5918
467,2012-04-11,Summer,2012,April,Wednesday,Weekday,Clear,8.388712000000002,46.9565,0.295274,482,4380,4862
468,2012-04-12,Summer,2012,April,Thursday,Weekday,Clear,10.682500000000001,46.625,0.290429,663,4746,5409
469,2012-04-13,Summer,2012,April,Friday,Weekday,Clear,12.7975,40.8333,0.155471,1252,5146,6398
470,2012-04-14,Summer,2012,April,Saturday,Weekend,Clear,15.265,50.29169999999999,0.190917,2795,4665,7460
471,2012-04-15,Summer,2012,April,Sunday,Weekend,Clear,20.513348999999998,50.79169999999999,0.225129,2846,4286,7132
472,2012-04-16,Summer,2012,April,Monday,Weekend,Clear,23.215849,56.166700000000006,0.284829,1198,5172,6370
473,2012-04-17,Summer,2012,April,Tuesday,Weekday,Clear,20.591651,39.0417,0.273629,989,5702,6691
474,2012-04-18,Summer,2012,April,Wednesday,Weekday,MistCloud,13.776651000000001,56.9167,0.167912,347,4020,4367
475,2012-04-19,Summer,2012,April,Thursday,Weekday,Clear,15.421651,61.25000000000001,0.0659292,846,5719,6565
476,2012-04-20,Summer,2012,April,Friday,Weekday,Clear,16.753349,69.4583,0.149871,1340,5950,7290
477,2012-04-21,Summer,2012,April,Saturday,Weekend,Clear,18.79,68.2917,0.283587,2541,4083,6624
478,2012-04-22,Summer,2012,April,Sunday,Weekend,LightRainSnow,10.643349,83.54169999999999,0.344546,120,907,1027
479,2012-04-23,Summer,2012,April,Monday,Weekday,MistCloud,7.1183489999999985,76.66669999999999,0.303496,195,3019,3214
480,2012-04-24,Summer,2012,April,Tuesday,Weekday,Clear,11.426651,45.4167,0.249383,518,5115,5633
481,2012-04-25,Summer,2012,April,Wednesday,Weekday,Clear,14.403348999999999,42.7917,0.118792,655,5541,6196
482,2012-04-26,Summer,2012,April,Thursday,Weekday,MistCloud,15.421651,75.66669999999999,0.176625,475,4551,5026
483,2012-04-27,Summer,2012,April,Friday,Weekday,Clear,13.502500000000001,40.0833,0.347633,1014,5219,6233
484,2012-04-28,Summer,2012,April,Saturday,Weekend,MistCloud,9.703349,48.9583,0.129975,1120,3100,4220
485,2012-04-29,Summer,2012,April,Sunday,Weekend,Clear,13.541650999999998,58.7083,0.116908,2229,4075,6304
486,2012-04-30,Summer,2012,April,Monday,Weekday,MistCloud,13.815849,56.99999999999999,0.171638,665,4907,5572
487,2012-05-01,Summer,2012,May,Tuesday,Weekday,MistCloud,20.826651000000002,65.95830000000001,0.156096,653,5087,5740
488,2012-05-02,Summer,2012,May,Wednesday,Weekday,Clear,18.515849,79.7083,0.138058,667,5502,6169
489,2012-05-03,Summer,2012,May,Thursday,Weekday,MistCloud,18.320000000000004,76.83330000000001,0.133696,764,5657,6421
490,2012-05-04,Summer,2012,May,Friday,Weekday,Clear,21.492499999999996,73.54169999999999,0.162938,1069,5227,6296
491,2012-05-05,Summer,2012,May,Saturday,Weekend,MistCloud,21.218349,75.66669999999999,0.152992,2496,4387,6883
492,2012-05-06,Summer,2012,May,Sunday,Weekend,MistCloud,18.4375,74.0,0.149879,2135,4224,6359
493,2012-05-07,Summer,2012,May,Monday,Weekday,MistCloud,17.2625,66.41669999999999,0.230721,1008,5265,6273
494,2012-05-08,Summer,2012,May,Tuesday,Weekday,MistCloud,19.338349,68.58330000000001,0.296029,738,4990,5728
495,2012-05-09,Summer,2012,May,Wednesday,Weekday,MistCloud,19.025,74.4167,0.216412,620,4097,4717
496,2012-05-10,Summer,2012,May,Thursday,Weekday,Clear,15.774151,55.2083,0.314063,1026,5546,6572
497,2012-05-11,Summer,2012,May,Friday,Weekday,Clear,17.066650999999997,36.0417,0.236937,1319,5711,7030
498,2012-05-12,Summer,2012,May,Saturday,Weekend,Clear,18.515849,48.0417,0.123133,2622,4807,7429
499,2012-05-13,Summer,2012,May,Sunday,Weekend,Clear,20.7875,57.62500000000001,0.225117,2172,3946,6118
500,2012-05-14,Summer,2012,May,Monday,Weekday,MistCloud,18.946651,78.95830000000001,0.212692,342,2501,2843
501,2012-05-15,Summer,2012,May,Tuesday,Weekday,MistCloud,20.748348999999997,79.45830000000001,0.147392,625,4490,5115
502,2012-05-16,Summer,2012,May,Wednesday,Weekday,Clear,21.923348999999998,69.7917,0.122512,991,6433,7424
503,2012-05-17,Summer,2012,May,Thursday,Weekday,Clear,19.886651,52.0,0.229475,1242,6142,7384
504,2012-05-18,Summer,2012,May,Friday,Weekday,Clear,18.515849,52.33330000000001,0.136817,1521,6118,7639
505,2012-05-19,Summer,2012,May,Saturday,Weekend,Clear,20.2,45.625,0.083975,3410,4884,8294
506,2012-05-20,Summer,2012,May,Sunday,Weekend,Clear,21.179150999999997,53.041700000000006,0.254367,2704,4425,7129
507,2012-05-21,Summer,2012,May,Monday,Weekday,MistCloud,20.121651,81.125,0.233204,630,3729,4359
508,2012-05-22,Summer,2012,May,Tuesday,Weekday,MistCloud,20.905,76.5833,0.118167,819,5254,6073
509,2012-05-23,Summer,2012,May,Wednesday,Weekday,MistCloud,21.218349,77.45830000000001,0.102,766,4494,5260
510,2012-05-24,Summer,2012,May,Thursday,Weekday,Clear,22.785,71.6667,0.172896,1059,5711,6770
511,2012-05-25,Summer,2012,May,Friday,Weekday,Clear,23.96,74.70830000000001,0.14055,1417,5317,6734
512,2012-05-26,Summer,2012,May,Saturday,Weekend,Clear,24.5475,73.25,0.198992,2855,3681,6536
513,2012-05-27,Summer,2012,May,Sunday,Weekend,Clear,24.43,69.7083,0.215171,3283,3308,6591
514,2012-05-28,Summer,2012,May,Monday,Weekend,Clear,25.487500000000004,67.625,0.196521,2557,3486,6043
515,2012-05-29,Summer,2012,May,Tuesday,Weekday,Clear,25.957500000000003,68.45830000000001,0.2954,880,4863,5743
516,2012-05-30,Summer,2012,May,Wednesday,Weekday,MistCloud,22.863349,67.0,0.134329,745,6110,6855
517,2012-05-31,Summer,2012,May,Thursday,Weekday,Clear,23.96,49.2917,0.195279,1100,6238,7338
518,2012-06-01,Summer,2012,Juny,Friday,Weekday,MistCloud,22.745849000000003,75.5417,0.237563,533,3594,4127
519,2012-06-02,Summer,2012,Juny,Saturday,Weekend,Clear,19.416650999999998,54.9167,0.186562,2795,5325,8120
520,2012-06-03,Summer,2012,Juny,Sunday,Weekend,Clear,20.317500000000003,49.3333,0.184087,2494,5147,7641
521,2012-06-04,Summer,2012,Juny,Monday,Weekday,Clear,20.082500000000003,48.7083,0.284833,1071,5927,6998
522,2012-06-05,Summer,2012,Juny,Tuesday,Weekday,MistCloud,17.419151,61.3333,0.209575,968,6033,7001
523,2012-06-06,Summer,2012,Juny,Wednesday,Weekday,Clear,18.045848999999997,61.12499999999999,0.077125,1027,6028,7055
524,2012-06-07,Summer,2012,Juny,Thursday,Weekday,Clear,20.317500000000003,56.7083,0.15735,1038,6456,7494
525,2012-06-08,Summer,2012,Juny,Friday,Weekday,Clear,22.510849000000004,46.791700000000006,0.175383,1488,6248,7736
526,2012-06-09,Summer,2012,Juny,Saturday,Weekend,Clear,25.409151,43.7083,0.144287,2708,4790,7498
527,2012-06-10,Summer,2012,Juny,Sunday,Weekend,Clear,26.153349,53.833299999999994,0.133721,2224,4374,6598
528,2012-06-11,Summer,2012,Juny,Monday,Weekday,MistCloud,25.879151,58.791700000000006,0.207713,1017,5647,6664
529,2012-06-12,Summer,2012,Juny,Tuesday,Weekday,MistCloud,22.706651,83.3333,0.214546,477,4495,4972
530,2012-06-13,Summer,2012,Juny,Wednesday,Weekday,Clear,22.824151,58.2083,0.343279,1173,6248,7421
531,2012-06-14,Summer,2012,Juny,Thursday,Weekday,Clear,22.471651,56.958299999999994,0.253733,1180,6183,7363
532,2012-06-15,Summer,2012,Juny,Friday,Weekday,Clear,22.040849,58.958299999999994,0.176617,1563,6102,7665
533,2012-06-16,Summer,2012,Juny,Saturday,Weekend,Clear,21.688349,50.416700000000006,0.166667,2963,4739,7702
534,2012-06-17,Summer,2012,Juny,Sunday,Weekend,Clear,19.8475,59.875,0.144904,2634,4344,6978
535,2012-06-18,Summer,2012,Juny,Monday,Weekday,MistCloud,18.711651,77.79169999999999,0.174746,653,4446,5099
536,2012-06-19,Summer,2012,Juny,Tuesday,Weekday,Clear,24.351650999999997,69.0,0.148017,968,5857,6825
537,2012-06-20,Summer,2012,Juny,Wednesday,Weekday,Clear,28.777499999999996,59.2083,0.113812,872,5339,6211
538,2012-06-21,Autumn,2012,Juny,Thursday,Weekday,Clear,29.874150999999998,56.7917,0.118787,778,5127,5905
539,2012-06-22,Autumn,2012,Juny,Friday,Weekday,Clear,28.542499999999997,57.375,0.182842,964,4859,5823
540,2012-06-23,Autumn,2012,Juny,Saturday,Weekend,Clear,26.388348999999998,53.4583,0.179721,2657,4801,7458
541,2012-06-24,Autumn,2012,Juny,Sunday,Weekend,Clear,26.936650999999998,47.9167,0.145525,2551,4340,6891
542,2012-06-25,Autumn,2012,Juny,Monday,Weekday,Clear,25.644151,50.416700000000006,0.300383,1139,5640,6779
543,2012-06-26,Autumn,2012,Juny,Tuesday,Weekday,Clear,21.649151,37.3333,0.347642,1077,6365,7442
544,2012-06-27,Autumn,2012,Juny,Wednesday,Weekday,Clear,24.7825,36.0,0.271775,1077,6258,7335
545,2012-06-28,Autumn,2012,Juny,Thursday,Weekday,Clear,27.210849000000003,42.25,0.17165,921,5958,6879
546,2012-06-29,Autumn,2012,Juny,Friday,Weekday,Clear,31.205849,48.875,0.165417,829,4634,5463
547,2012-06-30,Autumn,2012,Juny,Saturday,Weekend,Clear,27.955,60.12499999999999,0.161071,1455,4232,5687
548,2012-07-01,Autumn,2012,July,Sunday,Weekend,Clear,30.344151000000004,51.87500000000001,0.168529,1421,4110,5531
549,2012-07-02,Autumn,2012,July,Monday,Weekday,Clear,28.738349,44.7083,0.195267,904,5323,6227
550,2012-07-03,Autumn,2012,July,Tuesday,Weekday,Clear,28.699151,49.2083,0.126237,1052,5608,6660
551,2012-07-04,Autumn,2012,July,Wednesday,Weekend,Clear,29.090849,53.87499999999999,0.13495,2562,4841,7403
552,2012-07-05,Autumn,2012,July,Thursday,Weekday,Clear,30.8925,45.7917,0.194029,1405,4836,6241
553,2012-07-06,Autumn,2012,July,Friday,Weekday,Clear,30.931651000000002,45.0833,0.146142,1366,4841,6207
554,2012-07-07,Autumn,2012,July,Saturday,Weekend,Clear,32.498349,49.2083,0.163554,1448,3392,4840
555,2012-07-08,Autumn,2012,July,Sunday,Weekend,Clear,30.6575,57.375,0.125629,1203,3469,4672
556,2012-07-09,Autumn,2012,July,Monday,Weekday,MistCloud,25.409151,68.3333,0.180975,998,5571,6569
557,2012-07-10,Autumn,2012,July,Tuesday,Weekday,MistCloud,25.879151,66.75,0.151737,954,5336,6290
558,2012-07-11,Autumn,2012,July,Wednesday,Weekday,Clear,25.683349,63.3333,0.151733,975,6289,7264
559,2012-07-12,Autumn,2012,July,Thursday,Weekday,Clear,25.644151,52.9583,0.146775,1032,6414,7446
560,2012-07-13,Autumn,2012,July,Friday,Weekday,MistCloud,26.388348999999998,48.5833,0.08085,1511,5988,7499
561,2012-07-14,Autumn,2012,July,Saturday,Weekend,MistCloud,25.056651000000002,69.91669999999999,0.143679,2355,4614,6969
562,2012-07-15,Autumn,2012,July,Sunday,Weekend,Clear,27.054150999999997,71.7917,0.166667,1920,4111,6031
563,2012-07-16,Autumn,2012,July,Monday,Weekday,Clear,27.876651000000003,64.5,0.164187,1088,5742,6830
564,2012-07-17,Autumn,2012,July,Tuesday,Weekday,Clear,30.461650999999996,50.583299999999994,0.114429,921,5865,6786
565,2012-07-18,Autumn,2012,July,Wednesday,Weekday,Clear,29.286651,57.7083,0.137442,799,4914,5713
566,2012-07-19,Autumn,2012,July,Thursday,Weekday,Clear,28.189999999999998,60.0417,0.165429,888,5703,6591
567,2012-07-20,Autumn,2012,July,Friday,Weekday,MistCloud,23.294151,84.4167,0.208967,747,5123,5870
568,2012-07-21,Autumn,2012,July,Saturday,Weekend,LightRainSnow,20.004150999999997,86.5417,0.2133,1264,3195,4459
569,2012-07-22,Autumn,2012,July,Sunday,Weekend,MistCloud,23.3725,76.25,0.0939208,2544,4866,7410
570,2012-07-23,Autumn,2012,July,Monday,Weekday,Clear,26.858348999999997,69.41669999999999,0.138683,1135,5831,6966
571,2012-07-24,Autumn,2012,July,Tuesday,Weekday,Clear,27.289150999999997,65.5,0.211454,1140,6452,7592
572,2012-07-25,Autumn,2012,July,Wednesday,Weekday,Clear,26.035849,45.0,0.1648,1383,6790,8173
573,2012-07-26,Autumn,2012,July,Thursday,Weekday,Clear,28.503349,59.66669999999999,0.284813,1036,5825,6861
574,2012-07-27,Autumn,2012,July,Friday,Weekday,Clear,28.738349,59.458299999999994,0.152992,1259,5645,6904
575,2012-07-28,Autumn,2012,July,Saturday,Weekend,Clear,27.524150999999996,61.3333,0.15735,2234,4451,6685
576,2012-07-29,Autumn,2012,July,Sunday,Weekend,Clear,25.918349,62.375,0.170396,2153,4444,6597
577,2012-07-30,Autumn,2012,July,Monday,Weekday,Clear,26.349151,66.875,0.153617,1040,6065,7105
578,2012-07-31,Autumn,2012,July,Tuesday,Weekday,Clear,25.526651,70.41669999999999,0.165425,968,6248,7216
579,2012-08-01,Autumn,2012,August,Wednesday,Weekday,Clear,25.722500000000004,67.75,0.141179,1074,6506,7580
580,2012-08-02,Autumn,2012,August,Thursday,Weekday,Clear,27.3675,65.95830000000001,0.129354,983,6278,7261
581,2012-08-03,Autumn,2012,August,Friday,Weekday,MistCloud,27.994151000000002,64.25,0.215792,1328,5847,7175
582,2012-08-04,Autumn,2012,August,Saturday,Weekend,Clear,29.286651,61.3333,0.257458,2345,4479,6824
583,2012-08-05,Autumn,2012,August,Sunday,Weekend,Clear,28.150849,65.25,0.290421,1707,3757,5464
584,2012-08-06,Autumn,2012,August,Monday,Weekday,MistCloud,27.3675,65.4167,0.129354,1233,5780,7013
585,2012-08-07,Autumn,2012,August,Tuesday,Weekday,MistCloud,26.584151,70.375,0.116908,1278,5995,7273
586,2012-08-08,Autumn,2012,August,Wednesday,Weekday,MistCloud,27.25,67.29169999999999,0.1107,1263,6271,7534
587,2012-08-09,Autumn,2012,August,Thursday,Weekday,Clear,27.524150999999996,62.0417,0.1561,1196,6090,7286
588,2012-08-10,Autumn,2012,August,Friday,Weekday,MistCloud,25.644151,71.58330000000001,0.238813,1065,4721,5786
589,2012-08-11,Autumn,2012,August,Saturday,Weekend,MistCloud,24.5475,73.2917,0.206479,2247,4052,6299
590,2012-08-12,Autumn,2012,August,Sunday,Weekend,Clear,24.939151000000003,53.041700000000006,0.122512,2182,4362,6544
591,2012-08-13,Autumn,2012,August,Monday,Weekday,Clear,25.879151,54.541700000000006,0.136212,1207,5676,6883
592,2012-08-14,Autumn,2012,August,Tuesday,Weekday,Clear,26.153349,68.6667,0.169158,1128,5656,6784
593,2012-08-15,Autumn,2012,August,Wednesday,Weekday,Clear,25.213349,61.9583,0.169771,1198,6149,7347
594,2012-08-16,Autumn,2012,August,Thursday,Weekday,Clear,25.800849,51.916700000000006,0.141796,1338,6267,7605
595,2012-08-17,Autumn,2012,August,Friday,Weekday,Clear,25.996651,57.0833,0.231354,1483,5665,7148
596,2012-08-18,Autumn,2012,August,Saturday,Weekend,Clear,23.881650999999998,60.3333,0.177867,2827,5038,7865
597,2012-08-19,Autumn,2012,August,Sunday,Weekend,MistCloud,21.884151,71.1667,0.08645,1208,3341,4549
598,2012-08-20,Autumn,2012,August,Monday,Weekday,MistCloud,21.884151,73.4167,0.129979,1026,5504,6530
599,2012-08-21,Autumn,2012,August,Tuesday,Weekday,Clear,22.510849000000004,67.375,0.0727708,1081,5925,7006
600,2012-08-22,Autumn,2012,August,Wednesday,Weekday,Clear,23.3725,67.7083,0.0702833,1094,6281,7375
601,2012-08-23,Autumn,2012,August,Thursday,Weekday,Clear,24.704151000000003,63.5833,0.0845958,1363,6402,7765
602,2012-08-24,Autumn,2012,August,Friday,Weekday,MistCloud,25.0175,61.5,0.0721458,1325,6257,7582
603,2012-08-25,Autumn,2012,August,Saturday,Weekend,MistCloud,23.098349,71.2917,0.244408,1829,4224,6053
604,2012-08-26,Autumn,2012,August,Sunday,Weekend,MistCloud,22.706651,84.5833,0.228858,1483,3772,5255
605,2012-08-27,Autumn,2012,August,Monday,Weekday,Clear,25.056651000000002,73.04169999999999,0.128733,989,5928,6917
606,2012-08-28,Autumn,2012,August,Tuesday,Weekday,Clear,26.231651,62.0,0.190925,935,6105,7040
607,2012-08-29,Autumn,2012,August,Wednesday,Weekday,Clear,24.195,55.2083,0.112562,1177,6520,7697
608,2012-08-30,Autumn,2012,August,Thursday,Weekday,Clear,25.213349,59.0417,0.0771167,1172,6541,7713
609,2012-08-31,Autumn,2012,August,Friday,Weekday,Clear,27.915849,58.75,0.168533,1433,5917,7350
610,2012-09-01,Autumn,2012,September,Saturday,Weekend,MistCloud,27.406651000000004,63.8333,0.113187,2352,3788,6140
611,2012-09-02,Autumn,2012,September,Sunday,Weekend,MistCloud,24.743349000000002,81.5,0.0640708,2613,3197,5810
612,2012-09-03,Autumn,2012,September,Monday,Weekend,Clear,25.252499999999998,79.0833,0.151121,1965,4069,6034
613,2012-09-04,Autumn,2012,September,Tuesday,Weekday,Clear,26.114151,75.5,0.236321,867,5997,6864
614,2012-09-05,Autumn,2012,September,Wednesday,Weekday,Clear,26.623348999999997,74.125,0.187808,832,6280,7112
615,2012-09-06,Autumn,2012,September,Thursday,Weekday,MistCloud,24.743349000000002,81.0417,0.142421,611,5592,6203
616,2012-09-07,Autumn,2012,September,Friday,Weekday,Clear,25.056651000000002,73.625,0.171646,1045,6459,7504
617,2012-09-08,Autumn,2012,September,Saturday,Weekend,MistCloud,22.980849,79.91669999999999,0.281104,1557,4419,5976
618,2012-09-09,Autumn,2012,September,Sunday,Weekend,Clear,20.669999999999998,54.75,0.224496,2570,5657,8227
619,2012-09-10,Autumn,2012,September,Monday,Weekday,Clear,19.416650999999998,50.375,0.258713,1118,6407,7525
620,2012-09-11,Autumn,2012,September,Tuesday,Weekday,Clear,19.142500000000002,52.0,0.0920542,1070,6697,7767
621,2012-09-12,Autumn,2012,September,Wednesday,Weekday,Clear,20.160849,57.7083,0.131846,1050,6820,7870
622,2012-09-13,Autumn,2012,September,Thursday,Weekday,Clear,20.7875,63.708299999999994,0.0827208,1054,6750,7804
623,2012-09-14,Autumn,2012,September,Friday,Weekday,Clear,21.766651000000003,67.25,0.103863,1379,6630,8009
624,2012-09-15,Autumn,2012,September,Saturday,Weekend,Clear,20.591651,50.1667,0.247521,3160,5554,8714
625,2012-09-16,Autumn,2012,September,Sunday,Weekend,Clear,19.259999999999998,56.99999999999999,0.0901833,2166,5167,7333
626,2012-09-17,Autumn,2012,September,Monday,Weekday,MistCloud,19.299151000000002,73.4583,0.151742,1022,5847,6869
627,2012-09-18,Autumn,2012,September,Tuesday,Weekday,MistCloud,21.296651,87.25,0.357587,371,3702,4073
628,2012-09-19,Autumn,2012,September,Wednesday,Weekday,Clear,17.9675,53.6667,0.215175,788,6803,7591
629,2012-09-20,Autumn,2012,September,Thursday,Weekday,Clear,17.693349,61.8333,0.118167,939,6781,7720
630,2012-09-21,Autumn,2012,September,Friday,Weekday,Clear,20.160849,66.875,0.154229,1250,6917,8167
631,2012-09-22,Autumn,2012,September,Saturday,Weekend,Clear,22.55,64.6667,0.283583,2512,5883,8395
632,2012-09-23,Winter,2012,September,Sunday,Weekend,Clear,16.870849000000003,46.7083,0.223258,2454,5453,7907
633,2012-09-24,Winter,2012,September,Monday,Weekday,Clear,16.165849,49.2917,0.142404,1001,6435,7436
634,2012-09-25,Winter,2012,September,Tuesday,Weekday,Clear,17.85,56.99999999999999,0.236321,845,6693,7538
635,2012-09-26,Winter,2012,September,Wednesday,Weekday,Clear,21.845,63.083299999999994,0.2444,787,6946,7733
636,2012-09-27,Winter,2012,September,Thursday,Weekday,MistCloud,22.55,69.08330000000001,0.134342,751,6642,7393
637,2012-09-28,Winter,2012,September,Friday,Weekday,MistCloud,21.100849,69.0,0.164179,1045,6370,7415
638,2012-09-29,Winter,2012,September,Saturday,Weekend,Clear,17.4975,54.2917,0.227604,2589,5966,8555
639,2012-09-30,Winter,2012,September,Sunday,Weekend,Clear,16.753349,58.3333,0.134958,2015,4874,6889
640,2012-10-01,Winter,2012,October,Monday,Weekday,MistCloud,16.479150999999998,64.9167,0.0908042,763,6015,6778
641,2012-10-02,Winter,2012,October,Tuesday,Weekday,LightRainSnow,19.769151,87.16669999999999,0.104475,315,4324,4639
642,2012-10-03,Winter,2012,October,Wednesday,Weekday,MistCloud,22.9025,79.375,0.0665458,728,6844,7572
643,2012-10-04,Winter,2012,October,Thursday,Weekday,MistCloud,22.9025,72.2917,0.117546,891,6437,7328
644,2012-10-05,Winter,2012,October,Friday,Weekday,Clear,20.905,62.74999999999999,0.10635,1516,6640,8156
645,2012-10-06,Winter,2012,October,Saturday,Weekend,Clear,18.045848999999997,66.41669999999999,0.268025,3031,4934,7965
646,2012-10-07,Winter,2012,October,Sunday,Weekend,MistCloud,11.544151,70.8333,0.141162,781,2729,3510
647,2012-10-08,Winter,2012,October,Monday,Weekend,MistCloud,10.016651,70.9583,0.189679,874,4604,5478
648,2012-10-09,Winter,2012,October,Tuesday,Weekday,MistCloud,12.993348999999998,76.16669999999999,0.1903,601,5791,6392
649,2012-10-10,Winter,2012,October,Wednesday,Weekday,Clear,16.165849,63.083299999999994,0.187821,780,6911,7691
650,2012-10-11,Winter,2012,October,Thursday,Weekday,Clear,12.445,46.3333,0.181596,834,6736,7570
651,2012-10-12,Winter,2012,October,Friday,Weekday,Clear,12.5625,53.91669999999999,0.235092,1060,6222,7282
652,2012-10-13,Winter,2012,October,Saturday,Weekend,Clear,10.486650999999998,49.4583,0.146142,2252,4857,7109
653,2012-10-14,Winter,2012,October,Sunday,Weekend,Clear,16.518349,64.0417,0.278612,2080,4559,6639
654,2012-10-15,Winter,2012,October,Monday,Weekday,MistCloud,18.398349,70.75,0.296037,760,5115,5875
655,2012-10-16,Winter,2012,October,Tuesday,Weekday,Clear,14.011651,55.833299999999994,0.182221,922,6612,7534
656,2012-10-17,Winter,2012,October,Wednesday,Weekday,Clear,13.424150999999998,69.2917,0.101371,979,6482,7461
657,2012-10-18,Winter,2012,October,Thursday,Weekday,MistCloud,16.557499999999997,72.8333,0.236937,1008,6501,7509
658,2012-10-19,Winter,2012,October,Friday,Weekday,MistCloud,18.476651,81.5,0.134954,753,4671,5424
659,2012-10-20,Winter,2012,October,Saturday,Weekend,Clear,14.755849000000001,57.2917,0.117537,2806,5284,8090
660,2012-10-21,Winter,2012,October,Sunday,Weekend,Clear,13.815849,51.0,0.166054,2132,4692,6824
661,2012-10-22,Winter,2012,October,Monday,Weekday,Clear,14.912499999999998,56.833299999999994,0.0814833,830,6228,7058
662,2012-10-23,Winter,2012,October,Tuesday,Weekday,Clear,17.575848999999998,64.16669999999999,0.0945458,841,6625,7466
663,2012-10-24,Winter,2012,October,Wednesday,Weekday,Clear,19.6125,63.625,0.0727792,795,6898,7693
664,2012-10-25,Winter,2012,October,Thursday,Weekday,MistCloud,17.85,80.0417,0.124375,875,6484,7359
665,2012-10-26,Winter,2012,October,Friday,Weekday,MistCloud,17.654151,80.7083,0.132467,1182,6262,7444
666,2012-10-27,Winter,2012,October,Saturday,Weekend,MistCloud,16.91,72.0,0.235692,2643,5209,7852
667,2012-10-28,Winter,2012,October,Sunday,Weekend,MistCloud,14.442499999999999,69.4583,0.398008,998,3461,4459
668,2012-10-29,Winter,2012,October,Monday,Weekday,LightRainSnow,12.68,88.0,0.3582,2,20,22
669,2012-10-30,Winter,2012,October,Tuesday,Weekday,MistCloud,6.954554000000002,82.5455,0.213009,87,1009,1096
670,2012-10-31,Winter,2012,October,Wednesday,Weekday,MistCloud,8.802499999999998,66.6667,0.166667,419,5147,5566
671,2012-11-01,Winter,2012,November,Thursday,Weekday,MistCloud,9.194151000000002,58.166700000000006,0.157346,466,5520,5986
672,2012-11-02,Winter,2012,November,Friday,Weekday,Clear,8.684999999999999,52.208299999999994,0.266175,618,5229,5847
673,2012-11-03,Winter,2012,November,Saturday,Weekend,MistCloud,8.136651,49.125,0.270529,1029,4109,5138
674,2012-11-04,Winter,2012,November,Sunday,Weekend,Clear,7.314150999999999,53.2917,0.179108,1201,3906,5107
675,2012-11-05,Winter,2012,November,Monday,Weekday,Clear,7.000848999999999,49.416700000000006,0.236325,378,4881,5259
676,2012-11-06,Winter,2012,November,Tuesday,Weekday,Clear,5.1991510000000005,56.7083,0.173513,466,5220,5686
677,2012-11-07,Winter,2012,November,Wednesday,Weekday,MistCloud,5.904151000000001,54.75,0.304108,326,4709,5035
678,2012-11-08,Winter,2012,November,Thursday,Weekday,Clear,8.552177999999998,33.3478,0.347835,340,4975,5315
679,2012-11-09,Winter,2012,November,Friday,Weekday,Clear,8.998349000000001,54.0833,0.214558,709,5283,5992
680,2012-11-10,Winter,2012,November,Saturday,Weekend,Clear,10.290848999999998,64.5417,0.0578458,2090,4446,6536
681,2012-11-11,Winter,2012,November,Sunday,Weekend,Clear,11.779150999999999,65.91669999999999,0.1275,2290,4562,6852
682,2012-11-12,Winter,2012,November,Monday,Weekend,Clear,14.794999999999998,74.16669999999999,0.173517,1097,5172,6269
683,2012-11-13,Winter,2012,November,Tuesday,Weekday,MistCloud,8.136651,66.29169999999999,0.342046,327,3767,4094
684,2012-11-14,Winter,2012,November,Wednesday,Weekday,Clear,5.590849,55.2083,0.199625,373,5122,5495
685,2012-11-15,Winter,2012,November,Thursday,Weekday,MistCloud,7.1183489999999985,62.0417,0.152987,320,5125,5445
686,2012-11-16,Winter,2012,November,Friday,Weekday,Clear,8.215,52.4583,0.171025,484,5214,5698
687,2012-11-17,Winter,2012,November,Saturday,Weekend,Clear,7.275,54.541700000000006,0.179729,1313,4316,5629
688,2012-11-18,Winter,2012,November,Sunday,Weekend,Clear,8.0975,69.2917,0.227612,922,3747,4669
689,2012-11-19,Winter,2012,November,Monday,Weekday,MistCloud,9.899151,62.3333,0.235067,449,5050,5499
690,2012-11-20,Winter,2012,November,Tuesday,Weekday,MistCloud,9.585849,68.5,0.082725,534,5100,5634
691,2012-11-21,Winter,2012,November,Wednesday,Weekday,Clear,8.606651,61.375,0.103246,615,4531,5146
692,2012-11-22,Winter,2012,November,Thursday,Weekend,Clear,7.98,58.0417,0.0528708,955,1470,2425
693,2012-11-23,Winter,2012,November,Friday,Weekday,Clear,9.311651000000001,56.875,0.148021,1603,2307,3910
694,2012-11-24,Winter,2012,November,Saturday,Weekend,Clear,5.081650999999999,40.4583,0.376871,532,1745,2277
695,2012-11-25,Winter,2012,November,Sunday,Weekend,Clear,3.554150999999999,46.8333,0.1505,309,2115,2424
696,2012-11-26,Winter,2012,November,Monday,Weekday,Clear,6.726650999999999,53.541700000000006,0.04665,337,4750,5087
697,2012-11-27,Winter,2012,November,Tuesday,Weekday,MistCloud,5.708349,78.6667,0.237562,123,3836,3959
698,2012-11-28,Winter,2012,November,Wednesday,Weekday,Clear,5.943349000000001,50.625,0.210821,198,5062,5260
699,2012-11-29,Winter,2012,November,Thursday,Weekday,Clear,5.200890000000001,55.565200000000004,0.115522,243,5080,5323
700,2012-11-30,Winter,2012,November,Friday,Weekday,Clear,6.021651,64.95830000000001,0.0584708,362,5306,5668
701,2012-12-01,Winter,2012,December,Saturday,Weekend,MistCloud,6.021651,80.6667,0.0597042,951,4240,5191
702,2012-12-02,Winter,2012,December,Sunday,Weekend,MistCloud,8.3325,82.3333,0.124379,892,3757,4649
703,2012-12-03,Winter,2012,December,Monday,Weekday,Clear,13.267500000000002,76.75,0.0827208,555,5679,6234
704,2012-12-04,Winter,2012,December,Tuesday,Weekday,Clear,14.364151,73.375,0.174129,551,6055,6606
705,2012-12-05,Winter,2012,December,Wednesday,Weekday,Clear,12.601651,48.5,0.324021,331,5398,5729
706,2012-12-06,Winter,2012,December,Thursday,Weekday,Clear,4.024151,50.875,0.174754,340,5035,5375
707,2012-12-07,Winter,2012,December,Friday,Weekday,MistCloud,7.0791509999999995,76.4167,0.1306,349,4659,5008
708,2012-12-08,Winter,2012,December,Saturday,Weekend,MistCloud,9.938348999999999,91.125,0.101379,1153,4429,5582
709,2012-12-09,Winter,2012,December,Sunday,Weekend,MistCloud,10.055848999999998,90.5417,0.157975,441,2787,3228
710,2012-12-10,Winter,2012,December,Monday,Weekday,MistCloud,12.484151,92.5,0.190308,329,4841,5170
711,2012-12-11,Winter,2012,December,Tuesday,Weekday,MistCloud,8.606651,59.66669999999999,0.296037,282,5219,5501
712,2012-12-12,Winter,2012,December,Wednesday,Weekday,MistCloud,5.9825,53.833299999999994,0.162937,310,5009,5319
713,2012-12-13,Winter,2012,December,Thursday,Weekday,Clear,5.904151000000001,48.5833,0.174129,425,5107,5532
714,2012-12-14,Winter,2012,December,Friday,Weekday,Clear,5.2383489999999995,64.29169999999999,0.131229,429,5182,5611
715,2012-12-15,Winter,2012,December,Saturday,Weekend,Clear,7.235849,65.0417,0.10635,767,4280,5047
716,2012-12-16,Winter,2012,December,Sunday,Weekend,MistCloud,9.037499999999998,83.875,0.100742,538,3248,3786
717,2012-12-17,Winter,2012,December,Monday,Weekday,MistCloud,10.486650999999998,90.7083,0.0982583,212,4373,4585
718,2012-12-18,Winter,2012,December,Tuesday,Weekday,Clear,11.309151,66.625,0.221404,433,5124,5557
719,2012-12-19,Winter,2012,December,Wednesday,Weekday,Clear,7.627500000000001,62.5417,0.184092,333,4934,5267
720,2012-12-20,Winter,2012,December,Thursday,Weekday,MistCloud,7.510000000000002,66.79169999999999,0.132463,314,3814,4128
721,2012-12-21,Spring,2012,December,Friday,Weekday,MistCloud,7.353349,55.666700000000006,0.374383,221,3402,3623
722,2012-12-22,Spring,2012,December,Saturday,Weekend,Clear,4.494150999999999,44.125,0.407346,205,1544,1749
723,2012-12-23,Spring,2012,December,Sunday,Weekend,Clear,3.554150999999999,51.5417,0.133083,408,1379,1787
724,2012-12-24,Spring,2012,December,Monday,Weekday,MistCloud,2.871288,79.1304,0.0772304,174,746,920
725,2012-12-25,Spring,2012,December,Tuesday,Weekend,MistCloud,5.691288,73.47829999999999,0.168726,440,573,1013
726,2012-12-26,Spring,2012,December,Wednesday,Weekday,LightRainSnow,3.4366509999999995,82.3333,0.316546,9,432,441
727,2012-12-27,Spring,2012,December,Thursday,Weekday,MistCloud,3.945848999999999,65.29169999999999,0.350133,247,1867,2114
728,2012-12-28,Spring,2012,December,Friday,Weekday,MistCloud,3.9066509999999983,59.0,0.155471,644,2451,3095
729,2012-12-29,Spring,2012,December,Saturday,Weekend,MistCloud,3.9066509999999983,75.29169999999999,0.124383,159,1182,1341
730,2012-12-30,Spring,2012,December,Sunday,Weekend,Clear,4.024151,48.3333,0.350754,364,1432,1796
731,2012-12-31,Spring,2012,December,Monday,Weekday,MistCloud,2.144150999999999,57.75,0.154846,439,2290,2729
